"","CONTROL","AGE1","METRO3","REGION","LMED","FMR","L30","L50","L80","IPOV","BEDRMS","BUILT","STATUS","TYPE","VALUE","VACANCY","TENURE","NUNITS","ROOMS","WEIGHT","PER","ZINC2","ZADEQ","ZSMHC","STRUCTURETYPE","OWNRENT","UTILITY","OTHERCOST","COST06","COST12","COST08","COSTMED","TOTSAL","ASSISTED","GLMED","GL30","GL50","GL80","APLMED","ABL30","ABL50","ABL80","ABLMED","BURDEN","INCRELAMIPCT","INCRELAMICAT","INCRELPOVPCT","INCRELPOVCAT","INCRELFMRPCT","INCRELFMRCAT","COST06RELAMIPCT","COST06RELAMICAT","COST06RELPOVPCT","COST06RELPOVCAT","COST06RELFMRPCT","COST06RELFMRCAT","COST08RELAMIPCT","COST08RELAMICAT","COST08RELPOVPCT","COST08RELPOVCAT","COST08RELFMRPCT","COST08RELFMRCAT","COST12RELAMIPCT","COST12RELAMICAT","COST12RELPOVPCT","COST12RELPOVCAT","COST12RELFMRPCT","COST12RELFMRCAT","COSTMedRELAMIPCT","COSTMedRELAMICAT","COSTMedRELPOVPCT","COSTMedRELPOVCAT","COSTMedRELFMRPCT","COSTMedRELFMRCAT","FMTZADEQ","FMTMETRO3","FMTBUILT","FMTSTRUCTURETYPE","FMTBEDRMS","FMTOWNRENT","FMTCOST06RELPOVCAT","FMTCOST08RELPOVCAT","FMTCOST12RELPOVCAT","FMTCOSTMEDRELPOVCAT","FMTINCRELPOVCAT","FMTCOST06RELFMRCAT","FMTCOST08RELFMRCAT","FMTCOST12RELFMRCAT","FMTCOSTMEDRELFMRCAT","FMTINCRELFMRCAT","FMTCOST06RELAMICAT","FMTCOST08RELAMICAT","FMTCOST12RELAMICAT","FMTCOSTMEDRELAMICAT","FMTINCRELAMICAT","FMTASSISTED","FMTBURDEN","FMTREGION","FMTSTATUS"
"60978","'999900015712'",68,"'1'","'3'",62924,633,13364,22257,35599,11067,1,1980,"'1'",1,-6,-6,"'2'",110,4,1187.7217618,1,11100,"'1'",343,5,"'2'",43,0,343,343,343,343,0,1,62924,13364,22257,35599,44046.8,14318.571429,23846.785714,38141.785714,47193,0.3708108108,25.200468592,1,100.29818379,2,43.838862559,1,29.072108152,1,123.97216951,2,54.186413902,2,29.072108152,1,123.97216951,2,54.186413902,2,29.072108152,1,123.97216951,2,54.186413902,2,29.072108152,1,123.97216951,2,54.186413902,2,"'1 Adequate'","'Central City'","'1980-1989'","'5 50+ units'","'1 1BR'","'2 Renter'","'2 100-150% Poverty'","'2 100-150% Poverty'","'2 100-150% Poverty'","'2 100-150% Poverty'","'2 100-150% Poverty'","'2 50.1 - 100% FMR'","'2 50.1 - 100% FMR'","'2 50.1 - 100% FMR'","'2 50.1 - 100% FMR'","'1 LTE 50% FMR'","'1 LTE 30% AMI'","'1 LTE 30% AMI'","'1 LTE 30% AMI'","'1 LTE 30% AMI'","'1 LTE 30% AMI'","'1 Assisted'","'2 30% to 50%'","'-5'","'-5'"
"4947","'189029720145'",73,"'1'","'2'",66500,669,16082,26765,42813,13948,2,1930,"'1'",1,-6,-6,"'2'",1,4,1869.0881755,2,25364,"'1'",805,1,"'2'",254.66666667,0,805,805,805,805,0,0,66500,16082,26765,42813,53200,18092.25,30110.625,48164.625,59850,0.3808547548,47.676691729,2,181.84685976,3,94.783258595,2,53.801169591,3,230.85747061,4,120.32884903,3,53.801169591,3,230.85747061,4,120.32884903,3,53.801169591,3,230.85747061,4,120.32884903,3,53.801169591,3,230.85747061,4,120.32884903,3,"'1 Adequate'","'Central City'","'-5'","'1 Single Family'","'2 2BR'","'2 Renter'","'4 200%+ Poverty'","'4 200%+ Poverty'","'4 200%+ Poverty'","'4 200%+ Poverty'","'3 150-200% Poverty'","'3 GT FMR'","'3 GT FMR'","'3 GT FMR'","'3 GT FMR'","'2 50.1 - 100% FMR'","'3 50 - 60% AMI'","'3 50 - 60% AMI'","'3 50 - 60% AMI'","'3 50 - 60% AMI'","'2 30 - 50% AMI'","'0 Not Assisted'","'2 30% to 50%'","'-5'","'-5'"
"50382","'699426710141'",70,"'5'","'3'",50222,1034,12578,20951,33517,14007,4,1975,"'1'",1,450000,-6,"'1'",1,8,2493.166209,2,31008,"'1'",448,1,"'1'",206,137.5,3334.1796269,5071.8810175,3877.7465242,2958.0755048,0,-9,50222,12578,20951,33517,40177.6,18238.1,30378.95,48599.65,58257.52,0.173374613,77.177332643,4,221.37502677,4,74.97098646,2,228.92698672,7,952.1466772,4,322.45450937,3,266.24865076,7,1107.3738914,4,375.0238418,3,348.23871785,7,1448.3846698,4,490.51073671,3,203.10342801,7,844.74205891,4,286.08080317,3,"'1 Adequate'","'-5'","'1960-1979'","'1 Single Family'","'4 4BR+'","'1 Owner'","'4 200%+ Poverty'","'4 200%+ Poverty'","'4 200%+ Poverty'","'4 200%+ Poverty'","'4 200%+ Poverty'","'3 GT FMR'","'3 GT FMR'","'3 GT FMR'","'3 GT FMR'","'2 50.1 - 100% FMR'","'7 120% AMI +'","'7 120% AMI +'","'7 120% AMI +'","'7 120% AMI +'","'4 60 - 80% AMI'","'.'","'1 Less than 30%'","'-5'","'-5'"
"34137","'499753930123'",86,"'1'","'3'",60991,602,12949,21555,34498,11067,1,1980,"'1'",1,-6,-6,"'2'",69,3,1061.5524693,1,36000,"'1'",630,5,"'2'",0,10,630,630,630,630,0,0,60991,12949,21555,34498,42693.7,13873.928571,23094.642857,36962.142857,45743.25,0.21,84.321574377,5,325.29140689,4,149.50166113,3,55.09009526,3,227.70398482,4,104.65116279,3,55.09009526,3,227.70398482,4,104.65116279,3,55.09009526,3,227.70398482,4,104.65116279,3,55.09009526,3,227.70398482,4,104.65116279,3,"'1 Adequate'","'Central City'","'1980-1989'","'5 50+ units'","'1 1BR'","'2 Renter'","'4 200%+ Poverty'","'4 200%+ Poverty'","'4 200%+ Poverty'","'4 200%+ Poverty'","'4 200%+ Poverty'","'3 GT FMR'","'3 GT FMR'","'3 GT FMR'","'3 GT FMR'","'3 GT FMR'","'3 50 - 60% AMI'","'3 50 - 60% AMI'","'3 50 - 60% AMI'","'3 50 - 60% AMI'","'5 80 - 100% AMI'","'0 Not Assisted'","'1 Less than 30%'","'-5'","'-5'"
"54350","'731757280142'",64,"'3'","'3'",73559,1467,17757,29565,43499,15452,4,1995,"'1'",1,500000,-6,"'1'",1,7,1718.2232951,2,103987,"'1'",4171,1,"'1'",356.16666667,190,3869.1440299,5799.9233528,4473.1072491,3451.2505609,20000,-9,73559,17757,29565,43499,58847.2,25747.65,42869.25,63073.55,85328.44,0.4813293969,176.70679319,7,672.9679006,4,177.21029312,3,181.37652721,7,1001.5904815,4,263.74533264,3,209.68892665,7,1157.9361245,4,304.91528624,3,271.88699818,7,1501.4039226,4,395.35946509,3,161.78664749,7,893.41200126,4,235.25907027,3,"'1 Adequate'","'-5'","'1990-1999'","'1 Single Family'","'4 4BR+'","'1 Owner'","'4 200%+ Poverty'","'4 200%+ Poverty'","'4 200%+ Poverty'","'4 200%+ Poverty'","'4 200%+ Poverty'","'3 GT FMR'","'3 GT FMR'","'3 GT FMR'","'3 GT FMR'","'3 GT FMR'","'7 120% AMI +'","'7 120% AMI +'","'7 120% AMI +'","'7 120% AMI +'","'7 120% AMI +'","'.'","'2 30% to 50%'","'-5'","'-5'"
"47204","'687574750140'",54,"'2'","'4'",86700,2396,26200,43700,69900,23828,4,1950,"'1'",1,400000,-6,"'1'",1,8,2795.821926,4,119948,"'1'",2236,1,"'1'",152.66666667,50,2861.0485572,4405.6720156,3344.2191326,2526.733782,120000,-9,86700,26200,43700,69900,86700,30392,50692,81084,100572,0.2236969353,138.34832757,7,503.39096861,4,125.15442404,3,113.79105744,6,480.28345765,4,119.40937217,3,133.00795978,7,561.39317318,4,139.57508901,3,175.22459594,7,739.57898533,4,183.87612753,3,100.49452261,6,424.16212557,4,105.45633481,3,"'1 Adequate'","'-5'","'1940-1959'","'1 Single Family'","'4 4BR+'","'1 Owner'","'4 200%+ Poverty'","'4 200%+ Poverty'","'4 200%+ Poverty'","'4 200%+ Poverty'","'4 200%+ Poverty'","'3 GT FMR'","'3 GT FMR'","'3 GT FMR'","'3 GT FMR'","'3 GT FMR'","'6 100 - 120% AMI'","'7 120% AMI +'","'7 120% AMI +'","'6 100 - 120% AMI'","'7 120% AMI +'","'.'","'1 Less than 30%'","'West'","'-5'"
"24371","'399083738286'",48,"'5'","'3'",46720,859,13216,22021,35224,18595,3,2005,"'1'",1,150000,-6,"'1'",1,6,2064.2945324,3,121974,"'1'",1185,1,"'1'",292.83333333,58.333333333,1348.0598756,1927.2936725,1529.2488414,1222.6918349,122000,-9,46720,13216,22021,35224,42048,15271.822222,25446.488889,40703.288889,48588.8,0.1165822224,290.08276256,7,655.95052433,4,354.98835856,3,110.97700504,6,289.9833021,4,156.93362929,3,125.89311458,7,328.95914846,4,178.02664044,3,158.6615576,7,414.58320463,4,224.36480472,3,100.65626934,6,263.01518364,4,142.33897962,3,"'1 Adequate'","'-5'","'2000-2009'","'1 Single Family'","'3 3BR'","'1 Owner'","'4 200%+ Poverty'","'4 200%+ Poverty'","'4 200%+ Poverty'","'4 200%+ Poverty'","'4 200%+ Poverty'","'3 GT FMR'","'3 GT FMR'","'3 GT FMR'","'3 GT FMR'","'3 GT FMR'","'6 100 - 120% AMI'","'7 120% AMI +'","'7 120% AMI +'","'6 100 - 120% AMI'","'7 120% AMI +'","'.'","'1 Less than 30%'","'-5'","'-5'"
"53419","'730930130144'",51,"'3'","'1'",73738,1204,20222,33697,51838,18595,3,1995,"'1'",1,1,-6,"'1'",1,7,1188.4159431,3,91008,"'1'",2342,1,"'1'",342,0.0833333333,342.08997929,342.09384085,342.09118721,342.0891435,85000,-9,73738,20222,33697,51838,66364.2,23367.644444,38938.755556,59901.688889,76687.52,0.3088080169,137.13417776,7,489.4218876,4,188.97009967,3,17.84331945,1,73.587519072,1,28.412788977,1,17.843382455,1,73.587778911,1,28.412889304,1,17.843520867,1,73.588349738,1,28.413109705,1,17.843275855,1,73.587339285,1,28.41271956,1,"'1 Adequate'","'-5'","'1990-1999'","'1 Single Family'","'3 3BR'","'1 Owner'","'1 LTE Poverty'","'1 LTE Poverty'","'1 LTE Poverty'","'1 LTE Poverty'","'4 200%+ Poverty'","'1 LTE 50% FMR'","'1 LTE 50% FMR'","'1 LTE 50% FMR'","'1 LTE 50% FMR'","'3 GT FMR'","'1 LTE 30% AMI'","'1 LTE 30% AMI'","'1 LTE 30% AMI'","'1 LTE 30% AMI'","'7 120% AMI +'","'.'","'2 30% to 50%'","'-5'","'-5'"
"10987","'269502930133'",-9,"'2'","'2'",64810,1094,13639,22700,36292,-6,3,1950,"'3'",1,160000,3,"'-6'",1,6,397.42129005,-6,-6,"'-6'",-6,1,"'1'",50,66.666666667,1180.0194229,1797.8688062,1373.2876531,1046.2935128,-9,-9,64810,13639,22700,36292,-9,20263.657143,33725.714286,53919.542857,67402.4,-9,-9,-9,-9,-9,-9,-9,70.028332694,4,-9,-9,107.86283573,3,81.497848922,5,-9,-9,125.52903593,3,106.69464626,6,-9,-9,164.33901337,3,62.09235949,4,-9,-9,95.639260769,2,"'-5'","'-5'","'1940-1959'","'1 Single Family'","'3 3BR'","'1 Owner'","'.'","'.'","'.'","'.'","'.'","'3 GT FMR'","'3 GT FMR'","'3 GT FMR'","'2 50.1 - 100% FMR'","'.'","'4 60 - 80% AMI'","'5 80 - 100% AMI'","'6 100 - 120% AMI'","'4 60 - 80% AMI'","'.'","'.'","'.'","'-5'","'-5'"
"19104","'346711120141'",35,"'1'","'4'",61900,1421,30850,51350,82150,34575,2,1970,"'1'",1,-6,-6,"'2'",1,5,2866.5249867,7,33827,"'1'",1385,1,"'2'",235.33333333,0,1385,1385,1385,1385,27000,0,61900,30850,51350,82150,76756,22391.129032,37270.16129,59625,55710,0.491323499,44.070821825,2,97.836587129,1,59.512667136,2,99.44354694,4,160.23138106,3,97.466572836,2,99.44354694,4,160.23138106,3,97.466572836,2,99.44354694,4,160.23138106,3,97.466572836,2,99.44354694,4,160.23138106,3,97.466572836,2,"'1 Adequate'","'Central City'","'1960-1979'","'1 Single Family'","'2 2BR'","'2 Renter'","'3 150-200% Poverty'","'3 150-200% Poverty'","'3 150-200% Poverty'","'3 150-200% Poverty'","'1 LTE Poverty'","'2 50.1 - 100% FMR'","'2 50.1 - 100% FMR'","'2 50.1 - 100% FMR'","'2 50.1 - 100% FMR'","'2 50.1 - 100% FMR'","'4 60 - 80% AMI'","'4 60 - 80% AMI'","'4 60 - 80% AMI'","'4 60 - 80% AMI'","'2 30 - 50% AMI'","'0 Not Assisted'","'2 30% to 50%'","'West'","'-5'"
"27422","'402558140142'",-9,"'1'","'3'",67496,887,14199,23649,37798,-6,2,1980,"'3'",1,-6,1,"'-6'",18,5,1533.3242057,-6,-6,"'-6'",-6,3,"'2'",82,10.833333333,861.83333333,861.83333333,861.83333333,861.83333333,-9,-9,67496,14199,23649,37798,-9,18255.857143,30405.857143,48597.428571,60746.4,-9,-9,-9,-9,-9,-9,-9,56.749590648,3,-9,-9,97.162720782,2,56.749590648,3,-9,-9,97.162720782,2,56.749590648,3,-9,-9,97.162720782,2,56.749590648,3,-9,-9,97.162720782,2,"'-5'","'Central City'","'1980-1989'","'3 5-19 units'","'2 2BR'","'2 Renter'","'.'","'.'","'.'","'.'","'.'","'2 50.1 - 100% FMR'","'2 50.1 - 100% FMR'","'2 50.1 - 100% FMR'","'2 50.1 - 100% FMR'","'.'","'3 50 - 60% AMI'","'3 50 - 60% AMI'","'3 50 - 60% AMI'","'3 50 - 60% AMI'","'.'","'.'","'.'","'-5'","'-5'"
"24728","'399299960340'",-9,"'4'","'3'",50723,907,11092,18470,29536,-6,3,1960,"'3'",1,500000,3,"'-6'",1,5,1052.7030475,-6,-6,"'-6'",-6,1,"'1'",58.833333333,45.833333333,3427.6440299,5358.4233528,4031.6072491,3009.7505609,-9,-9,50723,11092,18470,29536,-9,16479.542857,27441.142857,43882.057143,52751.92,-9,-9,-9,-9,-9,-9,-9,259.90667485,7,-9,-9,377.91003637,3,305.70316676,7,-9,-9,444.49914544,3,406.31115249,7,-9,-9,590.78537517,3,228.21922394,7,-9,-9,331.835784,3,"'-5'","'-5'","'1960-1979'","'1 Single Family'","'3 3BR'","'1 Owner'","'.'","'.'","'.'","'.'","'.'","'3 GT FMR'","'3 GT FMR'","'3 GT FMR'","'3 GT FMR'","'.'","'7 120% AMI +'","'7 120% AMI +'","'7 120% AMI +'","'7 120% AMI +'","'.'","'.'","'.'","'-5'","'-5'"
"63104","'999900021108'",67,"'1'","'1'",76291,793,16380,27292,41315,11080,1,1970,"'1'",1,-6,-6,"'2'",2,3,137.47453015,1,1680,"'1'",180,2,"'2'",0,0,180,180,180,180,0,1,76291,16380,27292,41315,53403.7,17550,29241.428571,44266.071429,57218.25,1.2857142857,3.1458494449,1,15.162454874,1,5.2963430013,1,12.58339778,1,64.981949458,1,22.698612863,1,12.58339778,1,64.981949458,1,22.698612863,1,12.58339778,1,64.981949458,1,22.698612863,1,12.58339778,1,64.981949458,1,22.698612863,1,"'1 Adequate'","'Central City'","'1960-1979'","'2 2-4 units'","'1 1BR'","'2 Renter'","'1 LTE Poverty'","'1 LTE Poverty'","'1 LTE Poverty'","'1 LTE Poverty'","'1 LTE Poverty'","'1 LTE 50% FMR'","'1 LTE 50% FMR'","'1 LTE 50% FMR'","'1 LTE 50% FMR'","'1 LTE 50% FMR'","'1 LTE 30% AMI'","'1 LTE 30% AMI'","'1 LTE 30% AMI'","'1 LTE 30% AMI'","'1 LTE 30% AMI'","'1 Assisted'","'3 50% or More'","'-5'","'-5'"
"64075","'999900027286'",60,"'3'","'3'",59541,1208,19740,32876,52589,28261,3,2011,"'1'",1,160000,-6,"'1'",1,5,1819.1794834,5,70261,"'1'",1564,1,"'1'",268.83333333,88.333333333,1420.5194229,2038.3688062,1613.7876531,1286.7935128,70300,-9,59541,19740,32876,52589,64304.28,19008.888889,31658.37037,50641.259259,61922.64,0.267118316,109.26333364,6,248.6146987,4,145.40769868,3,91.760908313,5,201.05720574,4,117.59266746,3,104.24540382,6,228.41196745,4,133.59169313,3,131.67195754,7,288.50625332,4,168.73913959,3,83.122651929,5,182.12993352,3,106.52264179,3,"'1 Adequate'","'-5'","'After 2010'","'1 Single Family'","'3 3BR'","'1 Owner'","'4 200%+ Poverty'","'4 200%+ Poverty'","'4 200%+ Poverty'","'3 150-200% Poverty'","'4 200%+ Poverty'","'3 GT FMR'","'3 GT FMR'","'3 GT FMR'","'3 GT FMR'","'3 GT FMR'","'5 80 - 100% AMI'","'6 100 - 120% AMI'","'7 120% AMI +'","'5 80 - 100% AMI'","'6 100 - 120% AMI'","'.'","'1 Less than 30%'","'-5'","'-5'"
"32831","'498596130133'",63,"'1'","'2'",73600,966,15500,25800,41250,12019,2,1920,"'1'",1,280000,-6,"'1'",20,5,768.43907735,1,137987,"'1'",1724,4,"'1'",24,450,2334.8673234,3416.1037443,2673.0867262,2100.8469808,138000,-9,73600,15500,25800,41250,51520,19928.571429,33171.428571,53035.714286,66240,0.1499271671,267.83190994,7,1148.073883,4,357.10921325,3,140.99440359,7,777.05876475,4,241.70469186,3,161.41828057,7,889.62034318,4,276.7170524,3,206.28645799,7,1136.9011546,4,353.63392798,3,126.86274038,7,699.17529936,4,217.47898352,3,"'1 Adequate'","'Central City'","'-5'","'4 20-49 units'","'2 2BR'","'1 Owner'","'4 200%+ Poverty'","'4 200%+ Poverty'","'4 200%+ Poverty'","'4 200%+ Poverty'","'4 200%+ Poverty'","'3 GT FMR'","'3 GT FMR'","'3 GT FMR'","'3 GT FMR'","'3 GT FMR'","'7 120% AMI +'","'7 120% AMI +'","'7 120% AMI +'","'7 120% AMI +'","'7 120% AMI +'","'.'","'1 Less than 30%'","'-5'","'-5'"
"34694","'500226130103'",68,"'2'","'2'",62258,973,15086,25142,40197,14007,3,2004,"'1'",1,90000,-6,"'1'",1,5,1840.0445527,2,62388,"'1'",468,1,"'1'",191,22.5,811.63592537,1159.1762035,920.34930484,736.41510096,32,-9,62258,15086,25142,40197,49806.4,19611.8,32684.6,52256.1,64748.32,0.090017311,125.26101063,7,445.40586849,4,160.29804728,3,50.140972021,2,231.78008863,4,83.415819668,2,56.857030721,3,262.82553147,4,94.588828864,2,71.611198778,4,331.02768716,4,119.13424497,3,45.494005155,2,210.29916498,4,75.685005237,2,"'1 Adequate'","'-5'","'2000-2009'","'1 Single Family'","'3 3BR'","'1 Owner'","'4 200%+ Poverty'","'4 200%+ Poverty'","'4 200%+ Poverty'","'4 200%+ Poverty'","'4 200%+ Poverty'","'2 50.1 - 100% FMR'","'2 50.1 - 100% FMR'","'3 GT FMR'","'2 50.1 - 100% FMR'","'3 GT FMR'","'2 30 - 50% AMI'","'3 50 - 60% AMI'","'4 60 - 80% AMI'","'2 30 - 50% AMI'","'7 120% AMI +'","'.'","'1 Less than 30%'","'-5'","'-5'"
"58355","'999900012356'",-9,"'1'","'3'",67496,701,14199,23649,37798,-6,1,2009,"'3'",1,-6,1,"'-6'",90,3,1653.5878908,-6,-6,"'-6'",-6,5,"'2'",219,8.3333333333,1726.3333333,1726.3333333,1726.3333333,1726.3333333,-9,-9,67496,14199,23649,37798,-9,15213.214286,25338.214286,40497.857143,50622,-9,-9,-9,-9,-9,-9,-9,136.40972963,7,-9,-9,246.26723728,3,136.40972963,7,-9,-9,246.26723728,3,136.40972963,7,-9,-9,246.26723728,3,136.40972963,7,-9,-9,246.26723728,3,"'-5'","'Central City'","'2000-2009'","'5 50+ units'","'1 1BR'","'2 Renter'","'.'","'.'","'.'","'.'","'.'","'3 GT FMR'","'3 GT FMR'","'3 GT FMR'","'3 GT FMR'","'.'","'7 120% AMI +'","'7 120% AMI +'","'7 120% AMI +'","'7 120% AMI +'","'.'","'.'","'.'","'-5'","'-5'"
"61082","'999900015879'",25,"'1'","'4'",61900,1101,19900,33150,53000,15470,1,1970,"'1'",1,-6,-6,"'2'",100,3,200.58090398,2,128993,"'1'",1608,5,"'2'",54,4,1608,1608,1608,1608,96000,0,61900,19900,33150,53000,49520,18656.25,31078.125,49687.5,46425,0.1495895126,260.48667205,7,833.82676147,4,292.89963669,3,138.546042,7,415.77246283,4,146.04904632,3,138.546042,7,415.77246283,4,146.04904632,3,138.546042,7,415.77246283,4,146.04904632,3,138.546042,7,415.77246283,4,146.04904632,3,"'1 Adequate'","'Central City'","'1960-1979'","'5 50+ units'","'1 1BR'","'2 Renter'","'4 200%+ Poverty'","'4 200%+ Poverty'","'4 200%+ Poverty'","'4 200%+ Poverty'","'4 200%+ Poverty'","'3 GT FMR'","'3 GT FMR'","'3 GT FMR'","'3 GT FMR'","'3 GT FMR'","'7 120% AMI +'","'7 120% AMI +'","'7 120% AMI +'","'7 120% AMI +'","'7 120% AMI +'","'0 Not Assisted'","'1 Less than 30%'","'West'","'-5'"
"5924","'189957760149'",79,"'4'","'3'",50723,907,12670,21096,33752,14007,3,1975,"'1'",1,150000,-6,"'1'",1,7,2339.0409718,2,25777,"'1'",485,1,"'1'",285,83.333333333,1365.2265423,1944.4603392,1546.4155081,1239.8585016,0,-9,50723,12670,21096,33752,40578.4,16471,27424.8,43877.6,52751.92,0.2257826745,63.523943773,4,184.02941386,3,71.05016538,2,103.52051962,6,389.86979147,4,150.52111822,3,117.25946719,6,441.61219621,4,170.49785094,3,147.44186291,7,555.28245568,4,214.38371987,3,94.014284341,5,354.06825204,4,136.69884251,3,"'1 Adequate'","'-5'","'1960-1979'","'1 Single Family'","'3 3BR'","'1 Owner'","'4 200%+ Poverty'","'4 200%+ Poverty'","'4 200%+ Poverty'","'4 200%+ Poverty'","'3 150-200% Poverty'","'3 GT FMR'","'3 GT FMR'","'3 GT FMR'","'3 GT FMR'","'2 50.1 - 100% FMR'","'6 100 - 120% AMI'","'6 100 - 120% AMI'","'7 120% AMI +'","'5 80 - 100% AMI'","'4 60 - 80% AMI'","'.'","'1 Less than 30%'","'-5'","'-5'"
"19633","'369502920140'",40,"'1'","'2'",64400,1095,17400,29000,46350,18126,3,1930,"'1'",1,-6,-6,"'2'",1,6,659.25493186,3,5961,"'1'",1103,1,"'2'",353,0,1103,1103,1103,1103,6000,1,64400,17400,29000,46350,57960,20106.666667,33511.111111,53560,66976,2.2204328133,10.284679089,1,32.886461437,1,13.609589041,1,65.874343048,4,243.40726029,4,100.73059361,3,65.874343048,4,243.40726029,4,100.73059361,3,65.874343048,4,243.40726029,4,100.73059361,3,65.874343048,4,243.40726029,4,100.73059361,3,"'1 Adequate'","'Central City'","'-5'","'1 Single Family'","'3 3BR'","'2 Renter'","'4 200%+ Poverty'","'4 200%+ Poverty'","'4 200%+ Poverty'","'4 200%+ Poverty'","'1 LTE Poverty'","'3 GT FMR'","'3 GT FMR'","'3 GT FMR'","'3 GT FMR'","'1 LTE 50% FMR'","'4 60 - 80% AMI'","'4 60 - 80% AMI'","'4 60 - 80% AMI'","'4 60 - 80% AMI'","'1 LTE 30% AMI'","'1 Assisted'","'3 50% or More'","'-5'","'-5'"
"63353","'999900021419'",72,"'1'","'1'",76291,793,16380,27292,41315,11128,1,1950,"'1'",1,-6,-6,"'2'",6,3,234.32886677,1,1000,"'1'",242,3,"'2'",24,0,242,242,242,242,0,1,76291,16380,27292,41315,53403.7,17550,29241.428571,44266.071429,57218.25,2.904,1.8725294315,1,8.986340762,1,3.1525851198,1,16.917679237,1,86.987778577,1,30.51702396,1,16.917679237,1,86.987778577,1,30.51702396,1,16.917679237,1,86.987778577,1,30.51702396,1,16.917679237,1,86.987778577,1,30.51702396,1,"'1 Adequate'","'Central City'","'1940-1959'","'3 5-19 units'","'1 1BR'","'2 Renter'","'1 LTE Poverty'","'1 LTE Poverty'","'1 LTE Poverty'","'1 LTE Poverty'","'1 LTE Poverty'","'1 LTE 50% FMR'","'1 LTE 50% FMR'","'1 LTE 50% FMR'","'1 LTE 50% FMR'","'1 LTE 50% FMR'","'1 LTE 30% AMI'","'1 LTE 30% AMI'","'1 LTE 30% AMI'","'1 LTE 30% AMI'","'1 LTE 30% AMI'","'1 Assisted'","'3 50% or More'","'-5'","'-5'"
"37104","'578206390443'",29,"'1'","'1'",89100,1202,26750,44550,64400,23581,2,1919,"'1'",1,-6,-6,"'2'",16,4,83.857030926,4,18600,"'1'",768,3,"'2'",118,0,768,768,768,768,15000,0,89100,26750,44550,64400,89100,24075,40095,57960,80190,0.495483871,20.875420875,1,78.877062041,1,38.685524126,1,38.309016087,2,130.27437344,2,63.893510815,2,38.309016087,2,130.27437344,2,63.893510815,2,38.309016087,2,130.27437344,2,63.893510815,2,38.309016087,2,130.27437344,2,63.893510815,2,"'1 Adequate'","'Central City'","'-5'","'3 5-19 units'","'2 2BR'","'2 Renter'","'2 100-150% Poverty'","'2 100-150% Poverty'","'2 100-150% Poverty'","'2 100-150% Poverty'","'1 LTE Poverty'","'2 50.1 - 100% FMR'","'2 50.1 - 100% FMR'","'2 50.1 - 100% FMR'","'2 50.1 - 100% FMR'","'1 LTE 50% FMR'","'2 30 - 50% AMI'","'2 30 - 50% AMI'","'2 30 - 50% AMI'","'2 30 - 50% AMI'","'1 LTE 30% AMI'","'0 Not Assisted'","'2 30% to 50%'","'-5'","'-5'"
"12376","'285589520144'",69,"'2'","'2'",82300,1296,19800,32950,51550,13948,3,1970,"'1'",1,200000,-6,"'1'",1,7,2786.0794938,2,10987,"'1'",659,1,"'1'",167,108.33333333,1604.5242786,2376.8360078,1846.1095663,1437.366891,0,-9,82300,19800,32950,51550,65840,25740,42835,67015,85592,0.719759716,16.687424058,1,78.771149986,1,21.194058642,1,74.984777952,4,460.14461675,4,123.8058857,3,86.274865236,5,529.4263167,4,142.4467258,3,111.07748424,6,681.62776249,4,183.39784011,3,67.172954997,4,412.2073103,4,110.90793912,3,"'1 Adequate'","'-5'","'1960-1979'","'1 Single Family'","'3 3BR'","'1 Owner'","'4 200%+ Poverty'","'4 200%+ Poverty'","'4 200%+ Poverty'","'4 200%+ Poverty'","'1 LTE Poverty'","'3 GT FMR'","'3 GT FMR'","'3 GT FMR'","'3 GT FMR'","'1 LTE 50% FMR'","'4 60 - 80% AMI'","'5 80 - 100% AMI'","'6 100 - 120% AMI'","'4 60 - 80% AMI'","'1 LTE 30% AMI'","'.'","'3 50% or More'","'-5'","'-5'"
"48636","'689653180142'",-9,"'2'","'1'",70536,1183,14806,24688,39484,-6,3,1919,"'3'",1,170000,3,"'-6'",1,7,1118.4195215,-6,-6,"'-6'",-6,1,"'1'",44.25,70.833333333,1244.8956368,1901.3606066,1450.2431314,1102.8118574,-9,-9,70536,14806,24688,39484,-9,21997.485714,36679.314286,58661.942857,73357.44,-9,-9,-9,-9,-9,-9,-9,67.881084008,4,-9,-9,105.23209102,3,79.078175649,4,-9,-9,122.59029006,3,103.67649725,6,-9,-9,160.72363539,3,60.133606482,4,-9,-9,93.221627842,2,"'-5'","'-5'","'-5'","'1 Single Family'","'3 3BR'","'1 Owner'","'.'","'.'","'.'","'.'","'.'","'3 GT FMR'","'3 GT FMR'","'3 GT FMR'","'2 50.1 - 100% FMR'","'.'","'4 60 - 80% AMI'","'4 60 - 80% AMI'","'6 100 - 120% AMI'","'4 60 - 80% AMI'","'.'","'.'","'.'","'-5'","'-5'"
"62360","'999900020143'",81,"'1'","'2'",80900,734,17000,28350,45100,11067,1,1960,"'1'",1,-6,-6,"'2'",5,2,158.94284221,1,9000,"'1'",200,3,"'2'",16,0,200,200,200,200,1125,1,80900,17000,28350,45100,56630,18214.285714,30375,48321.428571,60675,0.2666666667,15.892636412,1,81.322851721,1,30.653950954,1,13.18500206,1,72.286979308,1,27.247956403,1,13.18500206,1,72.286979308,1,27.247956403,1,13.18500206,1,72.286979308,1,27.247956403,1,13.18500206,1,72.286979308,1,27.247956403,1,"'1 Adequate'","'Central City'","'1960-1979'","'3 5-19 units'","'1 1BR'","'2 Renter'","'1 LTE Poverty'","'1 LTE Poverty'","'1 LTE Poverty'","'1 LTE Poverty'","'1 LTE Poverty'","'1 LTE 50% FMR'","'1 LTE 50% FMR'","'1 LTE 50% FMR'","'1 LTE 50% FMR'","'1 LTE 50% FMR'","'1 LTE 30% AMI'","'1 LTE 30% AMI'","'1 LTE 30% AMI'","'1 LTE 30% AMI'","'1 LTE 30% AMI'","'1 Assisted'","'1 Less than 30%'","'-5'","'-5'"
"16512","'299583860143'",59,"'3'","'1'",79200,1119,16650,27750,44350,12019,2,1940,"'1'",1,100000,-6,"'1'",1,4,701.28987647,1,16500,"'1'",608,1,"'1'",101.83333333,100,866.42880597,1252.5846706,987.22144982,782.85011218,0,-9,79200,16650,27750,44350,55440,21407.142857,35678.571429,57021.428571,71280,0.4421818182,29.761904762,1,137.28263583,2,36.863270777,1,48.621145116,2,288.35304301,4,77.428847719,2,55.399632426,3,328.55360673,4,88.223543327,2,70.290946721,4,416.86818223,4,111.93786153,3,43.930982726,2,260.53751965,4,69.959795548,2,"'1 Adequate'","'-5'","'1940-1959'","'1 Single Family'","'2 2BR'","'1 Owner'","'4 200%+ Poverty'","'4 200%+ Poverty'","'4 200%+ Poverty'","'4 200%+ Poverty'","'2 100-150% Poverty'","'2 50.1 - 100% FMR'","'2 50.1 - 100% FMR'","'3 GT FMR'","'2 50.1 - 100% FMR'","'1 LTE 50% FMR'","'2 30 - 50% AMI'","'3 50 - 60% AMI'","'4 60 - 80% AMI'","'2 30 - 50% AMI'","'1 LTE 30% AMI'","'.'","'2 30% to 50%'","'-5'","'-5'"
"7544","'199384530133'",57,"'2'","'1'",105900,2058,34300,57200,80500,27539,3,1975,"'1'",1,390000,-6,"'1'",1,5,1155.1508259,5,68987,"'1'",2170,1,"'1'",412.83333333,56.666666667,3061.4223433,4567.4302152,3532.5136543,2735.4654375,56000,-9,105900,34300,57200,80500,114372,33029.62963,55081.481481,77518.518519,110136,0.3774624205,60.318084846,4,250.50655434,4,83.803449951,2,111.18698131,6,444.66717648,4,148.75715954,3,128.29642095,7,513.09250943,4,171.6478938,3,165.88327941,7,663.4126461,4,221.93538461,3,99.348639409,5,397.3224064,4,132.91863156,3,"'1 Adequate'","'-5'","'1960-1979'","'1 Single Family'","'3 3BR'","'1 Owner'","'4 200%+ Poverty'","'4 200%+ Poverty'","'4 200%+ Poverty'","'4 200%+ Poverty'","'4 200%+ Poverty'","'3 GT FMR'","'3 GT FMR'","'3 GT FMR'","'3 GT FMR'","'2 50.1 - 100% FMR'","'6 100 - 120% AMI'","'7 120% AMI +'","'7 120% AMI +'","'5 80 - 100% AMI'","'4 60 - 80% AMI'","'.'","'2 30% to 50%'","'-5'","'-5'"
"38383","'586583130133'",44,"'2'","'1'",79200,1119,21400,35650,57050,18670,2,1960,"'1'",1,-6,-6,"'2'",28,4,544.36931259,3,24774,"'1'",998,4,"'2'",58,0,998,998,998,998,24800,1,79200,21400,35650,57050,71280,21400,35650,57050,71280,0.4834100266,34.755892256,2,132.69416176,2,55.348525469,2,56.004489338,3,213.8189609,4,89.186773905,2,56.004489338,3,213.8189609,4,89.186773905,2,56.004489338,3,213.8189609,4,89.186773905,2,56.004489338,3,213.8189609,4,89.186773905,2,"'1 Adequate'","'-5'","'1960-1979'","'4 20-49 units'","'2 2BR'","'2 Renter'","'4 200%+ Poverty'","'4 200%+ Poverty'","'4 200%+ Poverty'","'4 200%+ Poverty'","'2 100-150% Poverty'","'2 50.1 - 100% FMR'","'2 50.1 - 100% FMR'","'2 50.1 - 100% FMR'","'2 50.1 - 100% FMR'","'2 50.1 - 100% FMR'","'3 50 - 60% AMI'","'3 50 - 60% AMI'","'3 50 - 60% AMI'","'3 50 - 60% AMI'","'2 30 - 50% AMI'","'1 Assisted'","'2 30% to 50%'","'-5'","'-5'"
"15664","'299109938182'",51,"'5'","'3'",50222,888,12578,20951,33517,15452,3,1995,"'1'",2,10000,-6,"'1'",1,6,5152.2935635,2,29974,"'1'",75,6,"'1'",51,0,117.45954726,156.07513372,129.53881165,109.10167788,30000,-9,50222,12578,20951,33517,40177.6,16351.4,27236.3,43572.1,52230.88,0.0300260226,74.603759309,4,193.98136164,3,84.386261261,2,8.9954101684,1,30.406302683,1,13.227426494,1,9.9204770549,1,33.533215545,1,14.587704015,1,11.952709487,1,40.402571505,1,17.576028572,1,8.3553390549,1,28.242733079,1,12.286224987,1,"'1 Adequate'","'-5'","'1990-1999'","'6 Mobile Home'","'3 3BR'","'1 Owner'","'1 LTE Poverty'","'1 LTE Poverty'","'1 LTE Poverty'","'1 LTE Poverty'","'3 150-200% Poverty'","'1 LTE 50% FMR'","'1 LTE 50% FMR'","'1 LTE 50% FMR'","'1 LTE 50% FMR'","'2 50.1 - 100% FMR'","'1 LTE 30% AMI'","'1 LTE 30% AMI'","'1 LTE 30% AMI'","'1 LTE 30% AMI'","'4 60 - 80% AMI'","'.'","'1 Less than 30%'","'-5'","'-5'"
"46203","'682583630133'",58,"'2'","'1'",79200,1496,19000,31700,50700,15517,4,1930,"'1'",1,250000,-6,"'1'",1,10,492.57187888,2,26505,"'1'",3813,1,"'1'",421,100,2182.4886816,3147.8783431,2484.4702912,1973.5419471,26531,-9,79200,19000,31700,50700,63360,27550,45965,73515,91872,1.7263157895,41.832386364,2,170.81265709,3,44.293114973,1,95.023018182,5,562.60583401,4,145.88828086,3,108.17094615,6,640.4511932,4,166.07421733,3,137.05496095,7,811.46570679,4,210.41967534,3,85.925720442,5,508.74317126,4,131.92125315,3,"'1 Adequate'","'-5'","'-5'","'1 Single Family'","'4 4BR+'","'1 Owner'","'4 200%+ Poverty'","'4 200%+ Poverty'","'4 200%+ Poverty'","'4 200%+ Poverty'","'3 150-200% Poverty'","'3 GT FMR'","'3 GT FMR'","'3 GT FMR'","'3 GT FMR'","'1 LTE 50% FMR'","'5 80 - 100% AMI'","'6 100 - 120% AMI'","'7 120% AMI +'","'5 80 - 100% AMI'","'2 30 - 50% AMI'","'.'","'3 50% or More'","'-5'","'-5'"
"29080","'481502830133'",75,"'1'","'2'",64400,1095,15450,25800,41200,13948,3,1920,"'1'",1,30000,-6,"'1'",1,6,585.41216816,2,33287,"'1'",602,1,"'1'",144,83.333333333,426.71197512,542.5587345,462.94976828,401.63836699,23300,-9,64400,15450,25800,41200,51520,20085,33540,53560,66976,0.2170216601,64.609860248,4,238.65070261,4,75.997716895,2,25.484470564,1,122.37223261,2,38.969130148,1,27.648696147,1,132.76448761,2,42.278517651,1,32.403173346,2,155.59470447,3,49.548742877,1,23.987002328,1,115.18163665,2,36.679302921,1,"'1 Adequate'","'Central City'","'-5'","'1 Single Family'","'3 3BR'","'1 Owner'","'2 100-150% Poverty'","'2 100-150% Poverty'","'3 150-200% Poverty'","'2 100-150% Poverty'","'4 200%+ Poverty'","'1 LTE 50% FMR'","'1 LTE 50% FMR'","'1 LTE 50% FMR'","'1 LTE 50% FMR'","'2 50.1 - 100% FMR'","'1 LTE 30% AMI'","'1 LTE 30% AMI'","'2 30 - 50% AMI'","'1 LTE 30% AMI'","'4 60 - 80% AMI'","'.'","'1 Less than 30%'","'-5'","'-5'"
"59220","'999900013461'",25,"'1'","'2'",61500,1058,20400,33950,54350,27117,4,1960,"'1'",1,-6,-6,"'2'",1,7,223.10933896,5,200,"'1'",165,1,"'2'",115,0,165,165,165,165,0,1,61500,20400,33950,54350,66420,21911.111111,36464.814815,58375.925926,71340,9.9,0.3011141223,1,0.7375447136,1,0.4725897921,1,9.2514718251,1,24.33897555,1,15.595463138,1,9.2514718251,1,24.33897555,1,15.595463138,1,9.2514718251,1,24.33897555,1,15.595463138,1,9.2514718251,1,24.33897555,1,15.595463138,1,"'1 Adequate'","'Central City'","'1960-1979'","'1 Single Family'","'4 4BR+'","'2 Renter'","'1 LTE Poverty'","'1 LTE Poverty'","'1 LTE Poverty'","'1 LTE Poverty'","'1 LTE Poverty'","'1 LTE 50% FMR'","'1 LTE 50% FMR'","'1 LTE 50% FMR'","'1 LTE 50% FMR'","'1 LTE 50% FMR'","'1 LTE 30% AMI'","'1 LTE 30% AMI'","'1 LTE 30% AMI'","'1 LTE 30% AMI'","'1 LTE 30% AMI'","'1 Assisted'","'3 50% or More'","'-5'","'-5'"
"40469","'589939580142'",60,"'2'","'2'",69200,1081,16600,27700,44300,15470,3,1950,"'1'",1,120000,-6,"'1'",1,6,2673.8253037,2,5974,"'1'",329,1,"'1'",112.5,58.333333333,968.3479005,1431.734938,1113.2990731,868.05346795,6000,-9,69200,16600,27700,44300,55360,21580,36010,57590,71968,0.6608637429,10.791184971,1,38.61667744,1,13.815911193,1,53.821026039,3,250.38084046,4,89.578899214,2,61.877449596,4,287.86013526,4,102.98788836,3,79.576197088,4,370.19649335,4,132.44541517,3,48.246635613,2,224.44821408,4,80.300968358,2,"'1 Adequate'","'-5'","'1940-1959'","'1 Single Family'","'3 3BR'","'1 Owner'","'4 200%+ Poverty'","'4 200%+ Poverty'","'4 200%+ Poverty'","'4 200%+ Poverty'","'1 LTE Poverty'","'2 50.1 - 100% FMR'","'3 GT FMR'","'3 GT FMR'","'2 50.1 - 100% FMR'","'1 LTE 50% FMR'","'3 50 - 60% AMI'","'4 60 - 80% AMI'","'4 60 - 80% AMI'","'2 30 - 50% AMI'","'1 LTE 30% AMI'","'.'","'3 50% or More'","'-5'","'-5'"
"5877","'189927710143'",82,"'2'","'3'",61300,1134,12900,21500,34350,11096,3,1975,"'1'",1,100000,-6,"'1'",1,6,2819.3655078,1,20700,"'1'",424,1,"'1'",173,83.333333333,920.92880597,1307.0846706,1041.7214498,837.35011218,0,-9,61300,12900,21500,34350,42910,19165.714286,31942.857143,51034.285714,63752,0.2457971014,48.240503379,2,186.55371305,3,45.634920635,1,57.781955451,3,331.98587093,4,81.210653084,2,65.360863962,4,375.53044334,4,91.862561713,2,82.010582919,5,471.19130157,4,115.26319846,3,52.537966632,3,301.85656531,4,73.840397899,2,"'1 Adequate'","'-5'","'1960-1979'","'1 Single Family'","'3 3BR'","'1 Owner'","'4 200%+ Poverty'","'4 200%+ Poverty'","'4 200%+ Poverty'","'4 200%+ Poverty'","'3 150-200% Poverty'","'2 50.1 - 100% FMR'","'2 50.1 - 100% FMR'","'3 GT FMR'","'2 50.1 - 100% FMR'","'1 LTE 50% FMR'","'3 50 - 60% AMI'","'4 60 - 80% AMI'","'5 80 - 100% AMI'","'3 50 - 60% AMI'","'2 30 - 50% AMI'","'.'","'1 Less than 30%'","'-5'","'-5'"
"40006","'589490590149'",56,"'1'","'1'",76291,1259,18708,31181,47213,15492,3,1920,"'1'",1,-6,-6,"'2'",2,7,2476.9442072,2,53974,"'1'",608,2,"'2'",108,0,608,608,608,608,54000,0,76291,18708,31181,47213,61032.8,24320.4,40535.3,61376.9,79342.64,0.1351761959,88.434415593,5,348.39917377,4,107.17633042,3,30.651866386,1,156.98424994,3,48.292295473,1,30.651866386,1,156.98424994,3,48.292295473,1,30.651866386,1,156.98424994,3,48.292295473,1,30.651866386,1,156.98424994,3,48.292295473,1,"'1 Adequate'","'Central City'","'-5'","'2 2-4 units'","'3 3BR'","'2 Renter'","'3 150-200% Poverty'","'3 150-200% Poverty'","'3 150-200% Poverty'","'3 150-200% Poverty'","'4 200%+ Poverty'","'1 LTE 50% FMR'","'1 LTE 50% FMR'","'1 LTE 50% FMR'","'1 LTE 50% FMR'","'3 GT FMR'","'1 LTE 30% AMI'","'1 LTE 30% AMI'","'1 LTE 30% AMI'","'1 LTE 30% AMI'","'5 80 - 100% AMI'","'0 Not Assisted'","'1 Less than 30%'","'-5'","'-5'"
"23354","'389952910141'",63,"'2'","'4'",70724,1806,21223,35343,55811,18050,3,1970,"'1'",1,380000,-6,"'1'",1,7,2659.9167503,3,387009,"'1'",865,1,"'1'",289.83333333,166.66666667,2981.962796,4449.3550815,3440.9748427,2664.3637596,72800,-9,70724,21223,35343,55811,63651.6,24524.355556,40840.8,64492.711111,73552.96,0.0268210817,608.01142469,7,2144.0941828,4,535.72674419,3,162.1668412,7,660.82278028,4,165.11421905,3,187.12910222,7,762.54290142,4,190.53016848,3,241.96742491,7,986.00666626,4,246.36517616,3,144.89498503,7,590.44072235,4,147.52844738,3,"'1 Adequate'","'-5'","'1960-1979'","'1 Single Family'","'3 3BR'","'1 Owner'","'4 200%+ Poverty'","'4 200%+ Poverty'","'4 200%+ Poverty'","'4 200%+ Poverty'","'4 200%+ Poverty'","'3 GT FMR'","'3 GT FMR'","'3 GT FMR'","'3 GT FMR'","'3 GT FMR'","'7 120% AMI +'","'7 120% AMI +'","'7 120% AMI +'","'7 120% AMI +'","'7 120% AMI +'","'.'","'1 Less than 30%'","'West'","'-5'"
"54132","'731530490148'",55,"'2'","'3'",62066,1249,13170,21924,35073,12019,4,1995,"'1'",1,160000,-6,"'1'",1,7,1302.0640437,1,95400,"'1'",1631,1,"'1'",177,116.66666667,1357.0194229,1974.8688062,1550.2876531,1223.2935128,94000,-9,62066,13170,21924,35073,43446.2,21824.571429,36331.2,58120.971429,71996.56,0.2051572327,219.58191971,7,793.74323987,4,190.95276221,3,75.393570075,4,451.62473513,4,108.64847261,3,86.131206994,5,515.94563709,4,124.12231009,3,109.72017587,6,657.2489579,4,158.1159973,3,67.963997881,4,407.11989777,4,97.941834493,2,"'1 Adequate'","'-5'","'1990-1999'","'1 Single Family'","'4 4BR+'","'1 Owner'","'4 200%+ Poverty'","'4 200%+ Poverty'","'4 200%+ Poverty'","'4 200%+ Poverty'","'4 200%+ Poverty'","'3 GT FMR'","'3 GT FMR'","'3 GT FMR'","'2 50.1 - 100% FMR'","'3 GT FMR'","'4 60 - 80% AMI'","'5 80 - 100% AMI'","'6 100 - 120% AMI'","'4 60 - 80% AMI'","'7 120% AMI +'","'.'","'1 Less than 30%'","'-5'","'-5'"
"20916","'384962730142'",68,"'2'","'1'",77566,1277,16492,27468,41571,11067,3,1930,"'1'",1,-6,-6,"'2'",2,6,2010.186723,1,9900,"'1'",499,2,"'2'",99.333333333,0,499,499,499,499,0,0,77566,16492,27468,41571,54296.2,24502.4,40809.6,61762.628571,80668.64,0.6048484848,18.233320196,1,89.455136893,1,19.381362569,1,24.743196365,1,180.35601337,3,39.07595928,1,24.743196365,1,180.35601337,3,39.07595928,1,24.743196365,1,180.35601337,3,39.07595928,1,24.743196365,1,180.35601337,3,39.07595928,1,"'1 Adequate'","'-5'","'-5'","'2 2-4 units'","'3 3BR'","'2 Renter'","'3 150-200% Poverty'","'3 150-200% Poverty'","'3 150-200% Poverty'","'3 150-200% Poverty'","'1 LTE Poverty'","'1 LTE 50% FMR'","'1 LTE 50% FMR'","'1 LTE 50% FMR'","'1 LTE 50% FMR'","'1 LTE 50% FMR'","'1 LTE 30% AMI'","'1 LTE 30% AMI'","'1 LTE 30% AMI'","'1 LTE 30% AMI'","'1 LTE 30% AMI'","'0 Not Assisted'","'3 50% or More'","'-5'","'-5'"
"63293","'999900021348'",48,"'4'","'2'",52006,974,13008,21662,34661,15470,4,1940,"'1'",1,100000,-6,"'1'",1,7,2640.6583981,2,85002,"'1'",914,1,"'1'",176,58.333333333,898.92880597,1285.0846706,1019.7214498,815.35011218,85000,-9,52006,13008,21662,34661,41604.8,18861.6,31409.9,50258.45,60326.96,0.1290322581,204.30815675,7,549.4634777,4,218.17761807,3,59.603786166,3,232.43149476,4,92.292485213,2,67.612984299,4,263.66424042,4,104.69419403,3,85.20798466,5,332.27787216,4,131.93887788,3,54.062071895,3,210.82097277,4,83.71151049,2,"'1 Adequate'","'-5'","'1940-1959'","'1 Single Family'","'4 4BR+'","'1 Owner'","'4 200%+ Poverty'","'4 200%+ Poverty'","'4 200%+ Poverty'","'4 200%+ Poverty'","'4 200%+ Poverty'","'2 50.1 - 100% FMR'","'3 GT FMR'","'3 GT FMR'","'2 50.1 - 100% FMR'","'3 GT FMR'","'3 50 - 60% AMI'","'4 60 - 80% AMI'","'5 80 - 100% AMI'","'3 50 - 60% AMI'","'7 120% AMI +'","'.'","'1 Less than 30%'","'-5'","'-5'"
"21224","'386452330149'",47,"'1'","'1'",63000,2124,25750,42950,68700,23828,4,1950,"'1'",1,250000,-6,"'1'",1,7,1483.9440079,4,179961,"'1'",1161,1,"'1'",332,141.66666667,2135.1553483,3100.5450097,2437.1369579,1926.2086138,135000,-9,63000,25750,42950,68700,63000,29870,49822,79692,73080,0.0774167736,285.65238095,7,755.2501259,4,211.81850282,3,116.86674046,6,358.42795841,4,100.52520472,3,133.3955642,7,409.12153062,4,114.74279463,3,169.70689709,7,520.48766321,4,145.97669537,3,105.43013759,4,323.35212586,4,90.687787843,2,"'1 Adequate'","'Central City'","'1940-1959'","'1 Single Family'","'4 4BR+'","'1 Owner'","'4 200%+ Poverty'","'4 200%+ Poverty'","'4 200%+ Poverty'","'4 200%+ Poverty'","'4 200%+ Poverty'","'3 GT FMR'","'3 GT FMR'","'3 GT FMR'","'2 50.1 - 100% FMR'","'3 GT FMR'","'6 100 - 120% AMI'","'7 120% AMI +'","'7 120% AMI +'","'4 60 - 80% AMI'","'7 120% AMI +'","'.'","'1 Less than 30%'","'-5'","'-5'"
"46869","'686408640140'",35,"'1'","'1'",64630,1474,25968,43312,68753,23500,2,1970,"'1'",1,-6,-6,"'2'",384,4,2554.3429968,4,99987,"'1'",943,5,"'2'",0,12.5,943,943,943,943,4000,0,64630,25968,43312,68753,64630,23371.2,38980.8,61877.7,58167,0.1131747127,154.70679251,7,425.47659574,4,169.58446404,3,64.847765915,2,160.5106383,3,63.975576662,2,64.847765915,2,160.5106383,3,63.975576662,2,64.847765915,2,160.5106383,3,63.975576662,2,64.847765915,2,160.5106383,3,63.975576662,2,"'1 Adequate'","'Central City'","'1960-1979'","'5 50+ units'","'2 2BR'","'2 Renter'","'3 150-200% Poverty'","'3 150-200% Poverty'","'3 150-200% Poverty'","'3 150-200% Poverty'","'4 200%+ Poverty'","'2 50.1 - 100% FMR'","'2 50.1 - 100% FMR'","'2 50.1 - 100% FMR'","'2 50.1 - 100% FMR'","'3 GT FMR'","'2 30 - 50% AMI'","'2 30 - 50% AMI'","'2 30 - 50% AMI'","'2 30 - 50% AMI'","'7 120% AMI +'","'0 Not Assisted'","'1 Less than 30%'","'-5'","'-5'"
"7709","'199467900247'",54,"'5'","'2'",57596,664,12648,21054,33671,12005,2,1970,"'1'",1,-6,-6,"'2'",8,4,2383.3463864,1,11876,"'1'",297,3,"'2'",59,10.75,297,297,297,297,0,1,57596,12648,21054,33671,40317.2,16261.714286,27069.428571,43291.285714,51836.4,0.3001010441,29.456410663,1,98.92544773,1,44.713855422,1,22.918258212,1,98.95876718,1,44.728915663,1,22.918258212,1,98.95876718,1,44.728915663,1,22.918258212,1,98.95876718,1,44.728915663,1,22.918258212,1,98.95876718,1,44.728915663,1,"'1 Adequate'","'-5'","'1960-1979'","'3 5-19 units'","'2 2BR'","'2 Renter'","'1 LTE Poverty'","'1 LTE Poverty'","'1 LTE Poverty'","'1 LTE Poverty'","'1 LTE Poverty'","'1 LTE 50% FMR'","'1 LTE 50% FMR'","'1 LTE 50% FMR'","'1 LTE 50% FMR'","'1 LTE 50% FMR'","'1 LTE 30% AMI'","'1 LTE 30% AMI'","'1 LTE 30% AMI'","'1 LTE 30% AMI'","'1 LTE 30% AMI'","'1 Assisted'","'2 30% to 50%'","'-5'","'-5'"
"13732","'289114980147'",70,"'4'","'4'",56545,1245,12479,20793,33210,11114,4,1975,"'1'",1,100000,-6,"'1'",1,6,2847.6007095,1,6000,"'1'",485,1,"'1'",228.5,100,993.09547264,1379.2513372,1113.8881165,909.51677884,0,-9,56545,12479,20793,33210,39581.5,20679.485714,34456.971429,55033.714286,65592.2,0.97,15.158596819,1,53.985963649,1,12.048192771,1,60.561802936,3,357.42144057,4,79.76670463,2,67.928083918,4,400.89548911,4,89.468925019,2,84.110692261,5,496.40141704,4,110.78323994,3,55.464935089,3,327.34093174,4,73.053556534,2,"'1 Adequate'","'-5'","'1960-1979'","'1 Single Family'","'4 4BR+'","'1 Owner'","'4 200%+ Poverty'","'4 200%+ Poverty'","'4 200%+ Poverty'","'4 200%+ Poverty'","'1 LTE Poverty'","'2 50.1 - 100% FMR'","'2 50.1 - 100% FMR'","'3 GT FMR'","'2 50.1 - 100% FMR'","'1 LTE 50% FMR'","'3 50 - 60% AMI'","'4 60 - 80% AMI'","'5 80 - 100% AMI'","'3 50 - 60% AMI'","'1 LTE 30% AMI'","'.'","'3 50% or More'","'West'","'-5'"
"15313","'297796130133'",-9,"'2'","'1'",86324,1118,18755,31228,45578,-6,1,1970,"'3'",1,-6,1,"'-6'",425,3,583.04117054,-6,-6,"'-6'",-6,5,"'2'",153,0,1903,1903,1903,1903,-9,-9,86324,18755,31228,45578,-9,20094.642857,33458.571429,48833.571429,64743,-9,-9,-9,-9,-9,-9,-9,117.57255611,6,-9,-9,170.21466905,3,117.57255611,6,-9,-9,170.21466905,3,117.57255611,6,-9,-9,170.21466905,3,117.57255611,6,-9,-9,170.21466905,3,"'-5'","'-5'","'1960-1979'","'5 50+ units'","'1 1BR'","'2 Renter'","'.'","'.'","'.'","'.'","'.'","'3 GT FMR'","'3 GT FMR'","'3 GT FMR'","'3 GT FMR'","'.'","'6 100 - 120% AMI'","'6 100 - 120% AMI'","'6 100 - 120% AMI'","'6 100 - 120% AMI'","'.'","'.'","'.'","'-5'","'-5'"
"46145","'682250770147'",57,"'2'","'3'",77954,1343,21123,35199,51909,18574,3,1970,"'1'",1,-6,-6,"'2'",1,8,3366.671783,3,96484,"'1'",1864,1,"'2'",259,0,1864,1864,1864,1864,90000,0,77954,21123,35199,51909,70158.6,24408.8,40674.4,59983.733333,81072.16,0.2318311844,137.52269857,7,519.45730591,4,179.60536113,3,91.967452206,5,401.42134166,4,138.79374535,3,91.967452206,5,401.42134166,4,138.79374535,3,91.967452206,5,401.42134166,4,138.79374535,3,91.967452206,5,401.42134166,4,138.79374535,3,"'1 Adequate'","'-5'","'1960-1979'","'1 Single Family'","'3 3BR'","'2 Renter'","'4 200%+ Poverty'","'4 200%+ Poverty'","'4 200%+ Poverty'","'4 200%+ Poverty'","'4 200%+ Poverty'","'3 GT FMR'","'3 GT FMR'","'3 GT FMR'","'3 GT FMR'","'3 GT FMR'","'5 80 - 100% AMI'","'5 80 - 100% AMI'","'5 80 - 100% AMI'","'5 80 - 100% AMI'","'7 120% AMI +'","'0 Not Assisted'","'1 Less than 30%'","'-5'","'-5'"
"25359","'399622730113'",51,"'3'","'2'",64182,732,20671,34420,55050,28229,2,1990,"'1'",2,10000,-6,"'1'",1,4,3382.4283192,5,100461,"'1'",223,6,"'1'",193.33333333,0,259.7928806,298.40846706,271.87214498,251.43501122,100500,-9,64182,20671,34420,55050,69316.56,17225.833333,28683.333333,45875,57763.8,0.0266372025,144.93073517,7,355.87870629,4,343.1045082,3,17.990013164,1,36.81219747,1,35.490830683,1,18.826472288,1,38.523808138,1,37.141003413,1,20.664046829,1,42.283958632,1,40.766184024,1,17.411251422,1,35.627901976,1,34.349045248,1,"'1 Adequate'","'-5'","'1990-1999'","'6 Mobile Home'","'2 2BR'","'1 Owner'","'1 LTE Poverty'","'1 LTE Poverty'","'1 LTE Poverty'","'1 LTE Poverty'","'4 200%+ Poverty'","'1 LTE 50% FMR'","'1 LTE 50% FMR'","'1 LTE 50% FMR'","'1 LTE 50% FMR'","'3 GT FMR'","'1 LTE 30% AMI'","'1 LTE 30% AMI'","'1 LTE 30% AMI'","'1 LTE 30% AMI'","'7 120% AMI +'","'.'","'1 Less than 30%'","'-5'","'-5'"
"48892","'689918900146'",82,"'5'","'3'",55846,1100,12032,20046,32045,11067,4,1930,"'1'",1,90000,-6,"'1'",1,9,2282.5942808,1,65000,"'1'",549,1,"'1'",417.66666667,22.5,1038.302592,1385.8428702,1147.0159715,963.08176763,0,-9,55846,12032,20046,32045,39092.2,19938.742857,33219.085714,53103.142857,64781.36,0.1013538462,166.27357887,7,587.33170688,4,147.72727273,3,64.111194457,4,375.27878993,4,94.391144731,2,70.823827812,4,414.57159899,4,104.27417923,3,85.570470899,5,500.8919744,4,125.98571547,3,59.466597653,3,348.09135904,4,87.552887966,2,"'1 Adequate'","'-5'","'-5'","'1 Single Family'","'4 4BR+'","'1 Owner'","'4 200%+ Poverty'","'4 200%+ Poverty'","'4 200%+ Poverty'","'4 200%+ Poverty'","'4 200%+ Poverty'","'2 50.1 - 100% FMR'","'3 GT FMR'","'3 GT FMR'","'2 50.1 - 100% FMR'","'3 GT FMR'","'4 60 - 80% AMI'","'4 60 - 80% AMI'","'5 80 - 100% AMI'","'3 50 - 60% AMI'","'7 120% AMI +'","'.'","'1 Less than 30%'","'-5'","'-5'"
"51810","'730242190145'",56,"'2'","'1'",86324,1721,24095,40143,58591,18675,3,1995,"'1'",1,310000,-6,"'1'",1,6,170.04049074,3,149961,"'1'",1949,1,"'1'",270.33333333,78,2408.5792985,3605.6624788,2783.0364945,2149.4853477,150000,-9,86324,24095,40143,58591,77691.6,27843.111111,46387.466667,67705.155556,89776.96,0.1559605497,193.02086712,7,803.00401606,4,217.83991865,3,107.31391656,6,515.89382565,4,139.95231252,3,123.99780498,7,596.09884754,4,161.71042966,3,160.64979161,7,772.2971842,4,209.50973148,3,95.770021518,5,460.39846806,4,124.89746355,3,"'1 Adequate'","'-5'","'1990-1999'","'1 Single Family'","'3 3BR'","'1 Owner'","'4 200%+ Poverty'","'4 200%+ Poverty'","'4 200%+ Poverty'","'4 200%+ Poverty'","'4 200%+ Poverty'","'3 GT FMR'","'3 GT FMR'","'3 GT FMR'","'3 GT FMR'","'3 GT FMR'","'6 100 - 120% AMI'","'7 120% AMI +'","'7 120% AMI +'","'5 80 - 100% AMI'","'7 120% AMI +'","'.'","'1 Less than 30%'","'-5'","'-5'"
"38982","'588218800344'",39,"'3'","'1'",73738,767,15738,26213,40322,12005,1,1919,"'1'",1,-6,-6,"'3'",1,3,1910.2240914,1,74001,"'1'",0,1,"'2'",0,0,0,0,0,0,74000,0,73738,15738,26213,40322,51616.6,16862.142857,28085.357143,43202.142857,55303.5,0,143.36666886,7,616.4181591,4,241.20273794,3,0,1,0,1,0,1,0,1,0,1,0,1,0,1,0,1,0,1,0,1,0,1,0,1,"'1 Adequate'","'-5'","'-5'","'1 Single Family'","'1 1BR'","'2 Renter'","'1 LTE Poverty'","'1 LTE Poverty'","'1 LTE Poverty'","'1 LTE Poverty'","'4 200%+ Poverty'","'1 LTE 50% FMR'","'1 LTE 50% FMR'","'1 LTE 50% FMR'","'1 LTE 50% FMR'","'3 GT FMR'","'1 LTE 30% AMI'","'1 LTE 30% AMI'","'1 LTE 30% AMI'","'1 LTE 30% AMI'","'7 120% AMI +'","'0 Not Assisted'","'1 Less than 30%'","'-5'","'-5'"
"26940","'400849130103'",47,"'2'","'3'",60060,1282,21574,35933,57497,31941,3,2003,"'1'",1,-6,-6,"'2'",1,5,2097.2391127,6,42948,"'1'",986,1,"'2'",201.33333333,0,986,986,986,986,43000,0,60060,21574,35933,57497,69669.6,19342.206897,32215.793103,51549.034483,62462.4,0.2754959486,61.6452513,3,134.46041138,2,83.751950078,2,63.141986219,4,123.47766194,2,76.911076443,2,63.141986219,4,123.47766194,2,76.911076443,2,63.141986219,4,123.47766194,2,76.911076443,2,63.141986219,4,123.47766194,2,76.911076443,2,"'1 Adequate'","'-5'","'2000-2009'","'1 Single Family'","'3 3BR'","'2 Renter'","'2 100-150% Poverty'","'2 100-150% Poverty'","'2 100-150% Poverty'","'2 100-150% Poverty'","'2 100-150% Poverty'","'2 50.1 - 100% FMR'","'2 50.1 - 100% FMR'","'2 50.1 - 100% FMR'","'2 50.1 - 100% FMR'","'2 50.1 - 100% FMR'","'4 60 - 80% AMI'","'4 60 - 80% AMI'","'4 60 - 80% AMI'","'4 60 - 80% AMI'","'3 50 - 60% AMI'","'0 Not Assisted'","'1 Less than 30%'","'-5'","'-5'"
"58196","'999900012149'",86,"'1'","'3'",60991,988,14801,24628,39421,13936,3,2006,"'1'",1,220000,-6,"'1'",4,7,2378.4680632,2,54000,"'1'",664,2,"'1'",196,259.75,1917.8600398,2767.4029419,2183.6038563,1733.9869135,0,-9,60991,14801,24628,39421,48792.8,19241.3,32016.4,51247.3,63430.64,0.1475555556,110.67206637,6,387.48564868,4,136.63967611,3,120.9421844,7,550.47647526,4,194.11538864,3,137.70025693,7,626.75196793,4,221.01253606,3,174.51521485,7,794.31772156,4,280.10151234,3,109.34695998,6,497.70003256,4,175.50474833,3,"'1 Adequate'","'Central City'","'2000-2009'","'2 2-4 units'","'3 3BR'","'1 Owner'","'4 200%+ Poverty'","'4 200%+ Poverty'","'4 200%+ Poverty'","'4 200%+ Poverty'","'4 200%+ Poverty'","'3 GT FMR'","'3 GT FMR'","'3 GT FMR'","'3 GT FMR'","'3 GT FMR'","'7 120% AMI +'","'7 120% AMI +'","'7 120% AMI +'","'6 100 - 120% AMI'","'6 100 - 120% AMI'","'.'","'1 Less than 30%'","'-5'","'-5'"
"24814","'399346738588'",63,"'5'","'2'",51444,631,11365,18923,30277,12005,2,1985,"'1'",2,20000,-6,"'1'",1,5,2438.672766,1,40700,"'1'",152,6,"'1'",97,50,279.91909453,357.15026745,304.0776233,263.20335577,0,-9,51444,11365,18923,30277,36010.8,14612.142857,24329.571429,38927.571429,46299.6,0.0448157248,113.02164906,6,339.02540608,4,161.25198098,3,24.183284048,1,93.267503383,1,44.361187722,1,26.270431995,1,101.31699235,2,48.18979767,1,30.855581253,1,119.0005056,2,56.600676299,2,22.739147273,1,87.697911127,1,41.712100756,1,"'1 Adequate'","'-5'","'1980-1989'","'6 Mobile Home'","'2 2BR'","'1 Owner'","'1 LTE Poverty'","'2 100-150% Poverty'","'2 100-150% Poverty'","'1 LTE Poverty'","'4 200%+ Poverty'","'1 LTE 50% FMR'","'1 LTE 50% FMR'","'2 50.1 - 100% FMR'","'1 LTE 50% FMR'","'3 GT FMR'","'1 LTE 30% AMI'","'1 LTE 30% AMI'","'1 LTE 30% AMI'","'1 LTE 30% AMI'","'6 100 - 120% AMI'","'.'","'1 Less than 30%'","'-5'","'-5'"
"55487","'733927920149'",44,"'1'","'3'",61300,1134,14750,24550,39250,15517,3,2002,"'1'",1,130000,-6,"'1'",1,6,2744.3411142,2,106974,"'1'",1218,1,"'1'",218,110.08333333,1192.0574478,1694.0600717,1349.0878848,1083.4051458,107000,-9,61300,14750,24550,39250,49040,19175,31915,51025,63752,0.136631331,218.13621533,7,689.39872398,4,235.83333333,3,74.793414968,4,307.29069995,4,105.11970439,3,84.645996033,5,347.77028672,4,118.96718561,3,106.29063068,6,436.69783379,4,149.38801338,3,67.976229504,4,279.28211531,4,95.538372648,2,"'1 Adequate'","'Central City'","'2000-2009'","'1 Single Family'","'3 3BR'","'1 Owner'","'4 200%+ Poverty'","'4 200%+ Poverty'","'4 200%+ Poverty'","'4 200%+ Poverty'","'4 200%+ Poverty'","'3 GT FMR'","'3 GT FMR'","'3 GT FMR'","'2 50.1 - 100% FMR'","'3 GT FMR'","'4 60 - 80% AMI'","'5 80 - 100% AMI'","'6 100 - 120% AMI'","'4 60 - 80% AMI'","'7 120% AMI +'","'.'","'1 Less than 30%'","'-5'","'-5'"
"48870","'689898350145'",57,"'2'","'1'",91800,1955,29800,49600,71050,28824,3,1950,"'1'",1,240000,-6,"'1'",1,7,949.37873154,5,108748,"'1'",746,1,"'1'",251.33333333,59.75,1906.1124677,2832.8865427,2196.0148129,1705.5236026,96000,-9,91800,29800,49600,71050,99144,28696.296296,47762.962963,68418.518519,95472,0.0823187553,109.68692004,6,377.28281987,4,139.06393862,3,79.860586043,5,264.51741155,4,97.49935896,2,92.006653801,5,304.7481006,4,112.32812342,3,118.68973281,6,393.12885688,4,144.90468249,3,71.456494158,4,236.68104393,4,87.239058954,2,"'1 Adequate'","'-5'","'1940-1959'","'1 Single Family'","'3 3BR'","'1 Owner'","'4 200%+ Poverty'","'4 200%+ Poverty'","'4 200%+ Poverty'","'4 200%+ Poverty'","'4 200%+ Poverty'","'2 50.1 - 100% FMR'","'3 GT FMR'","'3 GT FMR'","'2 50.1 - 100% FMR'","'3 GT FMR'","'5 80 - 100% AMI'","'5 80 - 100% AMI'","'6 100 - 120% AMI'","'4 60 - 80% AMI'","'6 100 - 120% AMI'","'.'","'1 Less than 30%'","'-5'","'-5'"
"58583","'999900012651'",78,"'2'","'1'",105900,1285,22250,37100,52150,11114,1,1980,"'1'",1,-6,-6,"'2'",141,3,150.18167747,1,13200,"'1'",180,5,"'2'",101,0,180,180,180,180,0,1,105900,22250,37100,52150,74130,23839.285714,39750,55875,79425,0.1636363636,17.80655605,1,118.76912003,2,25.680933852,1,9.0651558074,1,64.783156379,1,14.007782101,1,9.0651558074,1,64.783156379,1,14.007782101,1,9.0651558074,1,64.783156379,1,14.007782101,1,9.0651558074,1,64.783156379,1,14.007782101,1,"'1 Adequate'","'-5'","'1980-1989'","'5 50+ units'","'1 1BR'","'2 Renter'","'1 LTE Poverty'","'1 LTE Poverty'","'1 LTE Poverty'","'1 LTE Poverty'","'2 100-150% Poverty'","'1 LTE 50% FMR'","'1 LTE 50% FMR'","'1 LTE 50% FMR'","'1 LTE 50% FMR'","'1 LTE 50% FMR'","'1 LTE 30% AMI'","'1 LTE 30% AMI'","'1 LTE 30% AMI'","'1 LTE 30% AMI'","'1 LTE 30% AMI'","'1 Assisted'","'1 Less than 30%'","'-5'","'-5'"
"21399","'387086390147'",43,"'2'","'3'",85600,1598,25700,42800,64400,23462,3,1950,"'1'",1,220000,-6,"'1'",1,6,2601.8836292,4,99988,"'1'",1048,1,"'1'",140,291.66666667,1893.7767065,2743.3196086,2159.5205229,1709.9035801,99444,-9,85600,25700,42800,64400,85600,26728,44512,66976,89024,0.125775093,116.80841121,6,426.16997698,4,156.42678348,3,85.090614058,5,322.86705421,4,118.50918063,3,97.030936509,5,368.17330542,4,135.13895638,3,123.26202411,7,467.7043063,4,171.67206562,3,76.828881206,5,291.51881001,4,107.00272717,3,"'1 Adequate'","'-5'","'1940-1959'","'1 Single Family'","'3 3BR'","'1 Owner'","'4 200%+ Poverty'","'4 200%+ Poverty'","'4 200%+ Poverty'","'4 200%+ Poverty'","'4 200%+ Poverty'","'3 GT FMR'","'3 GT FMR'","'3 GT FMR'","'3 GT FMR'","'3 GT FMR'","'5 80 - 100% AMI'","'5 80 - 100% AMI'","'7 120% AMI +'","'5 80 - 100% AMI'","'6 100 - 120% AMI'","'.'","'1 Less than 30%'","'-5'","'-5'"
"37764","'583593310142'",36,"'3'","'3'",73559,1467,22162,36930,54352,23401,4,1975,"'1'",1,400000,-6,"'1'",1,9,2810.5727468,4,189487,"'1'",2851,1,"'1'",259,72.916666667,2990.2985572,4534.9220156,3473.4691326,2655.983782,173000,-9,73559,22162,36930,54352,73559,25707.92,42838.8,63048.32,85328.44,0.1805506446,257.5986623,7,809.73890005,4,322.91581459,3,140.17828322,7,511.14030293,4,203.8376658,3,162.82820277,7,593.73003421,4,236.77362867,3,212.58666,7,775.16721774,4,309.12897175,3,124.50637945,7,453.99492022,4,181.0486559,3,"'1 Adequate'","'-5'","'1960-1979'","'1 Single Family'","'4 4BR+'","'1 Owner'","'4 200%+ Poverty'","'4 200%+ Poverty'","'4 200%+ Poverty'","'4 200%+ Poverty'","'4 200%+ Poverty'","'3 GT FMR'","'3 GT FMR'","'3 GT FMR'","'3 GT FMR'","'3 GT FMR'","'7 120% AMI +'","'7 120% AMI +'","'7 120% AMI +'","'7 120% AMI +'","'7 120% AMI +'","'.'","'1 Less than 30%'","'-5'","'-5'"
"5834","'189880350245'",70,"'1'","'1'",76291,1259,18708,31181,47213,13948,3,1920,"'1'",1,230000,-6,"'1'",5,5,472.81128768,2,40800,"'1'",711,3,"'1'",205,250,1983.5695871,2871.7280756,2261.3926679,1791.3385913,0,-9,76291,18708,31181,47213,61032.8,24320.4,40535.3,61376.9,79342.64,0.2091176471,66.849300704,4,292.51505592,4,81.016679905,2,100.00018084,6,568.84702812,4,157.55119834,3,114.00642418,6,648.52098306,4,179.61816266,3,144.77602841,7,823.55264572,4,228.09595517,3,90.308998609,5,513.71912571,4,142.28265221,3,"'1 Adequate'","'Central City'","'-5'","'3 5-19 units'","'3 3BR'","'1 Owner'","'4 200%+ Poverty'","'4 200%+ Poverty'","'4 200%+ Poverty'","'4 200%+ Poverty'","'4 200%+ Poverty'","'3 GT FMR'","'3 GT FMR'","'3 GT FMR'","'3 GT FMR'","'2 50.1 - 100% FMR'","'6 100 - 120% AMI'","'6 100 - 120% AMI'","'7 120% AMI +'","'5 80 - 100% AMI'","'4 60 - 80% AMI'","'.'","'1 Less than 30%'","'-5'","'-5'"
"28856","'479206160143'",30,"'1'","'1'",89100,1007,18750,31200,45100,12019,1,1950,"'1'",1,-6,-6,"'2'",3,3,974.57052393,1,32987,"'1'",732,2,"'2'",132,0,732,732,732,732,33000,0,89100,18750,31200,45100,62370,20089.285714,33428.571429,48321.428571,66825,0.266286719,52.889209556,3,274.45710958,4,81.894240318,2,43.815937149,2,243.61427739,4,72.691161867,2,43.815937149,2,243.61427739,4,72.691161867,2,43.815937149,2,243.61427739,4,72.691161867,2,43.815937149,2,243.61427739,4,72.691161867,2,"'1 Adequate'","'Central City'","'1940-1959'","'2 2-4 units'","'1 1BR'","'2 Renter'","'4 200%+ Poverty'","'4 200%+ Poverty'","'4 200%+ Poverty'","'4 200%+ Poverty'","'4 200%+ Poverty'","'2 50.1 - 100% FMR'","'2 50.1 - 100% FMR'","'2 50.1 - 100% FMR'","'2 50.1 - 100% FMR'","'2 50.1 - 100% FMR'","'2 30 - 50% AMI'","'2 30 - 50% AMI'","'2 30 - 50% AMI'","'2 30 - 50% AMI'","'3 50 - 60% AMI'","'0 Not Assisted'","'1 Less than 30%'","'-5'","'-5'"
"18806","'304622360143'",37,"'2'","'2'",65014,1130,20998,34969,55931,27539,4,1990,"'1'",1,130000,-6,"'1'",1,7,3547.1194367,5,44974,"'1'",543,1,"'1'",268.33333333,100,1232.3074478,1734.3100717,1389.3378848,1123.6551458,45000,-9,65014,20998,34969,55931,70215.12,22553.407407,37559.296296,60074.037037,75416.24,0.1448837106,64.051731308,4,163.3102146,3,99.5,2,65.360322804,4,178.99087807,3,109.05375644,3,73.689056085,4,201.79932238,4,122.95025529,3,91.986026974,5,251.9060346,4,153.47876741,3,59.597516176,3,163.20928804,3,99.43850848,2,"'1 Adequate'","'-5'","'1990-1999'","'1 Single Family'","'4 4BR+'","'1 Owner'","'3 150-200% Poverty'","'4 200%+ Poverty'","'4 200%+ Poverty'","'3 150-200% Poverty'","'3 150-200% Poverty'","'3 GT FMR'","'3 GT FMR'","'3 GT FMR'","'2 50.1 - 100% FMR'","'2 50.1 - 100% FMR'","'4 60 - 80% AMI'","'4 60 - 80% AMI'","'5 80 - 100% AMI'","'3 50 - 60% AMI'","'4 60 - 80% AMI'","'.'","'1 Less than 30%'","'-5'","'-5'"
"57333","'999900011049'",81,"'1'","'3'",72531,729,15362,25543,40906,11096,1,1995,"'1'",1,-6,-6,"'2'",33,3,98.628014084,1,9480,"'1'",710,4,"'2'",41,0,710,710,710,710,0,1,72531,15362,25543,40906,50771.7,16459.285714,27367.5,43827.857143,54398.25,0.8987341772,18.671819143,1,85.436193223,1,32.510288066,1,52.207561824,3,255.9480894,4,97.393689986,2,52.207561824,3,255.9480894,4,97.393689986,2,52.207561824,3,255.9480894,4,97.393689986,2,52.207561824,3,255.9480894,4,97.393689986,2,"'1 Adequate'","'Central City'","'1990-1999'","'4 20-49 units'","'1 1BR'","'2 Renter'","'4 200%+ Poverty'","'4 200%+ Poverty'","'4 200%+ Poverty'","'4 200%+ Poverty'","'1 LTE Poverty'","'2 50.1 - 100% FMR'","'2 50.1 - 100% FMR'","'2 50.1 - 100% FMR'","'2 50.1 - 100% FMR'","'1 LTE 50% FMR'","'3 50 - 60% AMI'","'3 50 - 60% AMI'","'3 50 - 60% AMI'","'3 50 - 60% AMI'","'1 LTE 30% AMI'","'1 Assisted'","'3 50% or More'","'-5'","'-5'"
"22526","'389161930143'",34,"'1'","'1'",76291,994,23368,38953,58988,23529,2,1950,"'1'",1,140000,-6,"'1'",1,5,2740.8763753,4,41974,"'1'",1355,1,"'1'",269.83333333,35,1235.266995,1775.8852055,1404.3766964,1118.2568237,42000,-9,76291,23368,38953,58988,76291,21031.2,35057.7,53089.2,68661.9,0.3873826655,55.01828525,3,178.39262187,3,105.56841046,3,71.962296122,4,209.99906414,4,124.2723335,3,81.814030571,5,238.74821649,4,141.28538193,3,103.45680533,6,301.90576828,4,178.66048345,3,65.145696447,4,190.1069869,3,112.50068649,3,"'1 Adequate'","'Central City'","'1940-1959'","'1 Single Family'","'2 2BR'","'1 Owner'","'4 200%+ Poverty'","'4 200%+ Poverty'","'4 200%+ Poverty'","'3 150-200% Poverty'","'3 150-200% Poverty'","'3 GT FMR'","'3 GT FMR'","'3 GT FMR'","'3 GT FMR'","'3 GT FMR'","'4 60 - 80% AMI'","'5 80 - 100% AMI'","'6 100 - 120% AMI'","'4 60 - 80% AMI'","'3 50 - 60% AMI'","'.'","'2 30% to 50%'","'-5'","'-5'"
"41809","'599258830341'",47,"'3'","'1'",79200,1394,21400,35650,57050,18612,3,1960,"'1'",1,180000,-6,"'1'",1,6,712.48485004,3,36987,"'3'",1559,1,"'1'",342,37.5,1575.7718507,2270.852407,1793.1986097,1425.3302019,37000,-9,79200,21400,35650,57050,71280,24728.888889,41195.555556,65924.444444,82368,0.5057993349,51.88973064,3,198.72662798,3,66.332496413,2,76.523497025,4,338.65717833,4,113.03958757,3,87.082294565,5,385.38547382,4,128.63691605,3,110.27838029,6,488.04049152,4,162.90189433,3,69.217667148,4,306.32499504,4,102.24750372,3,"'3 Severely Indadequa'","'-5'","'1960-1979'","'1 Single Family'","'3 3BR'","'1 Owner'","'4 200%+ Poverty'","'4 200%+ Poverty'","'4 200%+ Poverty'","'4 200%+ Poverty'","'3 150-200% Poverty'","'3 GT FMR'","'3 GT FMR'","'3 GT FMR'","'3 GT FMR'","'2 50.1 - 100% FMR'","'4 60 - 80% AMI'","'5 80 - 100% AMI'","'6 100 - 120% AMI'","'4 60 - 80% AMI'","'3 50 - 60% AMI'","'.'","'3 50% or More'","'-5'","'-5'"
"44751","'629010930113'",59,"'5'","'3'",55846,949,13750,22897,36614,15492,3,1995,"'1'",1,170000,-6,"'1'",1,5,1628.4279469,2,50000,"'1'",427,1,"'1'",193,55,1377.8123035,2034.2772733,1583.159798,1235.728524,0,-9,55846,13750,22897,36614,44676.8,17875,29766.1,47598.2,58079.84,0.10248,111.91490886,6,322.74722437,4,131.71759747,3,94.890915917,5,355.74807733,4,145.1857011,3,109.03334431,6,408.76834444,4,166.82400401,3,140.10212654,7,525.24587485,4,214.36009202,3,85.105504701,5,319.06236097,4,130.21375385,3,"'1 Adequate'","'-5'","'1990-1999'","'1 Single Family'","'3 3BR'","'1 Owner'","'4 200%+ Poverty'","'4 200%+ Poverty'","'4 200%+ Poverty'","'4 200%+ Poverty'","'4 200%+ Poverty'","'3 GT FMR'","'3 GT FMR'","'3 GT FMR'","'3 GT FMR'","'3 GT FMR'","'5 80 - 100% AMI'","'6 100 - 120% AMI'","'7 120% AMI +'","'5 80 - 100% AMI'","'6 100 - 120% AMI'","'.'","'1 Less than 30%'","'-5'","'-5'"
"63621","'999900021754'",86,"'2'","'1'",90900,1223,21800,36400,53750,14007,1,1980,"'1'",1,-6,-6,"'2'",7,3,242.8099071,2,14487,"'1'",67,3,"'2'",67,0,67,67,67,67,4500,0,90900,21800,36400,53750,72720,20437.5,34125,50390.625,68175,0.0554980327,19.921617162,1,103.426858,2,29.613654947,1,3.9310597726,1,19.133290498,1,5.4783319706,1,3.9310597726,1,19.133290498,1,5.4783319706,1,3.9310597726,1,19.133290498,1,5.4783319706,1,3.9310597726,1,19.133290498,1,5.4783319706,1,"'1 Adequate'","'-5'","'1980-1989'","'3 5-19 units'","'1 1BR'","'2 Renter'","'1 LTE Poverty'","'1 LTE Poverty'","'1 LTE Poverty'","'1 LTE Poverty'","'2 100-150% Poverty'","'1 LTE 50% FMR'","'1 LTE 50% FMR'","'1 LTE 50% FMR'","'1 LTE 50% FMR'","'1 LTE 50% FMR'","'1 LTE 30% AMI'","'1 LTE 30% AMI'","'1 LTE 30% AMI'","'1 LTE 30% AMI'","'1 LTE 30% AMI'","'0 Not Assisted'","'1 Less than 30%'","'-5'","'-5'"
"29909","'486391360142'",58,"'2'","'1'",95354,1469,27087,45139,62792,18070,2,1995,"'1'",1,200000,-6,"'1'",120,5,1157.2855346,3,4100,"'1'",495,5,"'1'",174,145.83333333,1649.0242786,2421.3360078,1890.6095663,1481.866891,0,-9,95354,27087,45139,62792,85818.6,27087,45139,62792,85818.6,1.4487804878,4.7775190926,1,22.689540675,1,6.9775357386,1,76.860926587,5,365.0302775,4,112.25488622,3,88.121202924,5,418.50792835,4,128.70044699,3,112.85833177,6,535.99026183,4,164.8288637,3,69.069730386,4,328.02808877,4,100.87589456,3,"'1 Adequate'","'-5'","'1990-1999'","'5 50+ units'","'2 2BR'","'1 Owner'","'4 200%+ Poverty'","'4 200%+ Poverty'","'4 200%+ Poverty'","'4 200%+ Poverty'","'1 LTE Poverty'","'3 GT FMR'","'3 GT FMR'","'3 GT FMR'","'3 GT FMR'","'1 LTE 50% FMR'","'5 80 - 100% AMI'","'5 80 - 100% AMI'","'6 100 - 120% AMI'","'4 60 - 80% AMI'","'1 LTE 30% AMI'","'.'","'3 50% or More'","'-5'","'-5'"
"56910","'999900010550'",-9,"'4'","'3'",49074,873,10666,17755,28401,-6,3,1995,"'3'",2,-6,1,"'-6'",1,5,2557.7751899,-6,-6,"'-6'",-6,6,"'2'",207,200,1157,1157,1157,1157,-9,-9,49074,10666,17755,28401,-9,15846.628571,26378.857143,42195.771429,51036.96,-9,-9,-9,-9,-9,-9,-9,90.679382158,5,-9,-9,132.53150057,3,90.679382158,5,-9,-9,132.53150057,3,90.679382158,5,-9,-9,132.53150057,3,90.679382158,5,-9,-9,132.53150057,3,"'-5'","'-5'","'1990-1999'","'6 Mobile Home'","'3 3BR'","'2 Renter'","'.'","'.'","'.'","'.'","'.'","'3 GT FMR'","'3 GT FMR'","'3 GT FMR'","'3 GT FMR'","'.'","'5 80 - 100% AMI'","'5 80 - 100% AMI'","'5 80 - 100% AMI'","'5 80 - 100% AMI'","'.'","'.'","'.'","'-5'","'-5'"
"11318","'276822300141'",51,"'1'","'1'",63000,1474,20600,34400,55000,15470,2,1919,"'1'",1,-6,-6,"'2'",28,4,2082.43095,2,6000,"'3'",503,4,"'2'",88,0,503,503,503,503,0,1,63000,20600,34400,55000,50400,23175,38700,61875,56700,1.006,11.904761905,1,38.784744667,1,10.176390773,1,35.485008818,1,130.05817712,2,34.124830393,1,35.485008818,1,130.05817712,2,34.124830393,1,35.485008818,1,130.05817712,2,34.124830393,1,35.485008818,1,130.05817712,2,34.124830393,1,"'3 Severely Indadequa'","'Central City'","'-5'","'4 20-49 units'","'2 2BR'","'2 Renter'","'2 100-150% Poverty'","'2 100-150% Poverty'","'2 100-150% Poverty'","'2 100-150% Poverty'","'1 LTE Poverty'","'1 LTE 50% FMR'","'1 LTE 50% FMR'","'1 LTE 50% FMR'","'1 LTE 50% FMR'","'1 LTE 50% FMR'","'1 LTE 30% AMI'","'1 LTE 30% AMI'","'1 LTE 30% AMI'","'1 LTE 30% AMI'","'1 LTE 30% AMI'","'1 Assisted'","'3 50% or More'","'-5'","'-5'"
"28042","'458549670145'",52,"'1'","'2'",73600,1231,15500,25800,41250,12005,3,1950,"'1'",1,130000,-6,"'1'",3,5,981.35316685,1,103000,"'1'",1134,2,"'1'",129,31.25,1024.2241144,1526.2267384,1181.2545514,915.5718125,78000,-9,73600,15500,25800,41250,51520,23028.571429,38331.428571,61285.714286,76544,0.1321165049,199.92236025,7,857.9758434,4,209.17952884,3,53.523417351,3,341.26584404,4,83.202608808,2,61.729439352,4,393.58752235,4,95.958940003,2,79.756832065,4,508.53035848,4,123.98267574,3,47.845516957,2,305.06349438,4,74.376264216,2,"'1 Adequate'","'Central City'","'1940-1959'","'2 2-4 units'","'3 3BR'","'1 Owner'","'4 200%+ Poverty'","'4 200%+ Poverty'","'4 200%+ Poverty'","'4 200%+ Poverty'","'4 200%+ Poverty'","'2 50.1 - 100% FMR'","'2 50.1 - 100% FMR'","'3 GT FMR'","'2 50.1 - 100% FMR'","'3 GT FMR'","'3 50 - 60% AMI'","'4 60 - 80% AMI'","'4 60 - 80% AMI'","'2 30 - 50% AMI'","'7 120% AMI +'","'.'","'1 Less than 30%'","'-5'","'-5'"
"49397","'697381330133'",86,"'2'","'1'",95372,1390,20057,33406,46047,11080,2,1975,"'1'",1,130000,-6,"'1'",1,5,770.04994087,1,16000,"'1'",393,1,"'1'",169.41666667,85,1118.3907811,1620.3934051,1275.4212181,1009.7384792,0,-9,95372,20057,33406,46047,66760.4,25787.571429,42950.571429,59203.285714,85834.8,0.29475,23.966303377,1,144.40433213,2,28.776978417,1,52.118291467,3,403.75118451,4,80.459768424,2,59.436089703,3,460.44087296,4,91.756922166,2,75.512188766,5,584.97956862,4,116.57506511,3,47.05496974,2,364.52652677,4,72.643056055,2,"'1 Adequate'","'-5'","'1960-1979'","'1 Single Family'","'2 2BR'","'1 Owner'","'4 200%+ Poverty'","'4 200%+ Poverty'","'4 200%+ Poverty'","'4 200%+ Poverty'","'2 100-150% Poverty'","'2 50.1 - 100% FMR'","'2 50.1 - 100% FMR'","'3 GT FMR'","'2 50.1 - 100% FMR'","'1 LTE 50% FMR'","'3 50 - 60% AMI'","'3 50 - 60% AMI'","'5 80 - 100% AMI'","'2 30 - 50% AMI'","'1 LTE 30% AMI'","'.'","'1 Less than 30%'","'-5'","'-5'"
"35428","'500992390144'",53,"'5'","'3'",50222,888,12578,20951,33517,15492,3,1985,"'1'",1,130000,-6,"'1'",1,6,2163.0130497,2,80037,"'1'",270,1,"'1'",129.41666667,32.5,1025.8907811,1527.8934051,1182.9212181,917.23847916,78000,-9,50222,12578,20951,33517,40177.6,16351.4,27236.3,43572.1,52230.88,0.0404812774,199.20801641,7,516.63439194,4,225.32939189,3,78.565843125,4,264.88272169,4,115.52824111,3,90.59171265,5,305.42763184,4,133.21184889,3,117.01073427,6,394.4986845,4,172.06006814,3,70.244918651,4,236.82893859,4,103.29262153,3,"'1 Adequate'","'-5'","'1980-1989'","'1 Single Family'","'3 3BR'","'1 Owner'","'4 200%+ Poverty'","'4 200%+ Poverty'","'4 200%+ Poverty'","'4 200%+ Poverty'","'4 200%+ Poverty'","'3 GT FMR'","'3 GT FMR'","'3 GT FMR'","'3 GT FMR'","'3 GT FMR'","'4 60 - 80% AMI'","'5 80 - 100% AMI'","'6 100 - 120% AMI'","'4 60 - 80% AMI'","'7 120% AMI +'","'.'","'1 Less than 30%'","'-5'","'-5'"
"5331","'189381710147'",81,"'1'","'3'",63800,1116,13450,22350,35750,11080,4,1960,"'1'",1,140000,-6,"'1'",1,9,2608.8340456,1,8760,"'1'",1264,1,"'1'",247,35.5,1212.9336617,1753.5518721,1382.0433631,1095.9234904,0,-9,63800,13450,22350,35750,44660,22288.571429,37037.142857,59242.857143,74008,1.7315068493,19.614867891,1,79.061371841,1,19.623655914,1,65.556894481,4,437.88218834,4,108.68581198,3,74.696971305,4,498.93262205,4,123.83901103,3,94.776341592,5,633.05121737,4,157.12830395,3,59.232704053,3,395.64024923,4,98.201029604,2,"'1 Adequate'","'Central City'","'1960-1979'","'1 Single Family'","'4 4BR+'","'1 Owner'","'4 200%+ Poverty'","'4 200%+ Poverty'","'4 200%+ Poverty'","'4 200%+ Poverty'","'1 LTE Poverty'","'3 GT FMR'","'3 GT FMR'","'3 GT FMR'","'2 50.1 - 100% FMR'","'1 LTE 50% FMR'","'4 60 - 80% AMI'","'4 60 - 80% AMI'","'5 80 - 100% AMI'","'3 50 - 60% AMI'","'1 LTE 30% AMI'","'.'","'3 50% or More'","'-5'","'-5'"
"48706","'689717110145'",72,"'1'","'3'",59700,978,14350,23900,38200,13948,3,1960,"'1'",1,90000,-6,"'1'",1,7,2797.9818098,2,34620,"'1'",680,1,"'1'",338.75,98.416666667,1035.302592,1382.8428702,1144.0159715,960.08176763,0,-9,59700,14350,23900,38200,47760,18655,31070,49660,62088,0.2357019064,72.487437186,4,248.20762833,4,88.496932515,2,66.699046002,4,296.9035251,4,105.85916074,3,73.702871506,4,328.08029008,4,116.97504821,3,89.089219828,5,396.57094069,4,141.3949765,3,61.852967892,4,275.3317372,4,98.1678699,2,"'1 Adequate'","'Central City'","'1960-1979'","'1 Single Family'","'3 3BR'","'1 Owner'","'4 200%+ Poverty'","'4 200%+ Poverty'","'4 200%+ Poverty'","'4 200%+ Poverty'","'4 200%+ Poverty'","'3 GT FMR'","'3 GT FMR'","'3 GT FMR'","'2 50.1 - 100% FMR'","'2 50.1 - 100% FMR'","'4 60 - 80% AMI'","'4 60 - 80% AMI'","'5 80 - 100% AMI'","'4 60 - 80% AMI'","'4 60 - 80% AMI'","'.'","'1 Less than 30%'","'-5'","'-5'"
"57226","'999900010923'",42,"'1'","'3'",66200,1290,17900,29800,47700,18097,3,1970,"'1'",1,-6,-6,"'2'",10,5,1752.8169401,3,33901,"'1'",1052,3,"'2'",152,0,1052,1052,1052,1052,33940,0,66200,17900,29800,47700,59580,20684.444444,34435.555556,55120,68848,0.3723783959,56.899966432,3,187.32939161,3,65.699612403,2,61.120148733,4,232.52472786,4,81.550387597,2,61.120148733,4,232.52472786,4,81.550387597,2,61.120148733,4,232.52472786,4,81.550387597,2,61.120148733,4,232.52472786,4,81.550387597,2,"'1 Adequate'","'Central City'","'1960-1979'","'3 5-19 units'","'3 3BR'","'2 Renter'","'4 200%+ Poverty'","'4 200%+ Poverty'","'4 200%+ Poverty'","'4 200%+ Poverty'","'3 150-200% Poverty'","'2 50.1 - 100% FMR'","'2 50.1 - 100% FMR'","'2 50.1 - 100% FMR'","'2 50.1 - 100% FMR'","'2 50.1 - 100% FMR'","'4 60 - 80% AMI'","'4 60 - 80% AMI'","'4 60 - 80% AMI'","'4 60 - 80% AMI'","'3 50 - 60% AMI'","'0 Not Assisted'","'2 30% to 50%'","'-5'","'-5'"
"57766","'999900011604'",35,"'1'","'2'",54100,394,11800,19600,31400,12055,0,1950,"'1'",1,-6,-6,"'2'",80,2,136.77261094,1,800,"'1'",25,5,"'2'",0,0,25,25,25,25,0,1,54100,11800,19600,31400,37870,11800,19600,31400,37870,0.375,2.1124900977,1,6.6362505185,1,5.076142132,1,2.6406126221,1,8.2953131481,1,6.345177665,1,2.6406126221,1,8.2953131481,1,6.345177665,1,2.6406126221,1,8.2953131481,1,6.345177665,1,2.6406126221,1,8.2953131481,1,6.345177665,1,"'1 Adequate'","'Central City'","'1940-1959'","'5 50+ units'","'0 Studio'","'2 Renter'","'1 LTE Poverty'","'1 LTE Poverty'","'1 LTE Poverty'","'1 LTE Poverty'","'1 LTE Poverty'","'1 LTE 50% FMR'","'1 LTE 50% FMR'","'1 LTE 50% FMR'","'1 LTE 50% FMR'","'1 LTE 50% FMR'","'1 LTE 30% AMI'","'1 LTE 30% AMI'","'1 LTE 30% AMI'","'1 LTE 30% AMI'","'1 LTE 30% AMI'","'1 Assisted'","'2 30% to 50%'","'-5'","'-5'"
"1912","'157711330144'",56,"'1'","'4'",61900,1421,22400,37300,59650,18622,2,1940,"'1'",1,800000,-6,"'1'",1,5,2506.5393292,3,99974,"'1'",700,1,"'1'",292.25,200,5809.0137811,8898.2606979,6775.3549319,5140.3842307,99034,-9,61900,22400,37300,59650,55710,22400,37300,59650,55710,0.0840218457,179.454317,7,536.8596284,4,175.88669951,3,417.08948348,7,1247.7744133,4,408.79759191,3,486.47315972,7,1455.3442019,4,476.80189528,3,638.89863205,7,1911.343722,4,626.19709345,3,369.08161772,7,1104.152987,4,361.74414009,3,"'1 Adequate'","'Central City'","'1940-1959'","'1 Single Family'","'2 2BR'","'1 Owner'","'4 200%+ Poverty'","'4 200%+ Poverty'","'4 200%+ Poverty'","'4 200%+ Poverty'","'4 200%+ Poverty'","'3 GT FMR'","'3 GT FMR'","'3 GT FMR'","'3 GT FMR'","'3 GT FMR'","'7 120% AMI +'","'7 120% AMI +'","'7 120% AMI +'","'7 120% AMI +'","'7 120% AMI +'","'.'","'1 Less than 30%'","'West'","'-5'"
"24711","'399292820245'",79,"'3'","'3'",61329,1032,14890,24784,39652,13984,3,1980,"'1'",1,120000,-6,"'1'",1,5,2841.7581993,2,43021,"'1'",203,1,"'1'",122,30,949.51456716,1412.9016047,1094.4657398,849.22013461,0,-9,61329,14890,24784,39652,49063.2,19357,32219.2,51547.6,63782.16,0.0566235094,87.684863604,5,307.6444508,4,104.21753876,3,59.547344722,3,271.60027665,4,92.0072255,2,68.637734425,4,313.06228255,4,106.05288176,3,88.607949601,5,404.14805626,4,136.90907022,3,53.257533744,3,242.91193782,4,82.288772734,2,"'1 Adequate'","'-5'","'1980-1989'","'1 Single Family'","'3 3BR'","'1 Owner'","'4 200%+ Poverty'","'4 200%+ Poverty'","'4 200%+ Poverty'","'4 200%+ Poverty'","'4 200%+ Poverty'","'2 50.1 - 100% FMR'","'3 GT FMR'","'3 GT FMR'","'2 50.1 - 100% FMR'","'3 GT FMR'","'3 50 - 60% AMI'","'4 60 - 80% AMI'","'5 80 - 100% AMI'","'3 50 - 60% AMI'","'5 80 - 100% AMI'","'.'","'1 Less than 30%'","'-5'","'-5'"
"42934","'599884920442'",71,"'2'","'3'",62066,792,15049,25050,40074,13948,2,1960,"'1'",1,100000,-6,"'1'",1,4,2313.7677298,2,39987,"'1'",197,1,"'1'",68,25,757.59547264,1143.7513372,878.38811649,674.01677884,29023,-9,62066,15049,25050,40074,49652.8,16930.125,28181.25,45083.25,55859.4,0.0591192137,80.533222698,4,286.68626326,4,126.22159091,3,54.250169006,3,217.26282553,4,95.65599402,2,62.899932079,4,251.90367551,4,110.90759047,3,81.902157004,5,328.0043984,4,144.41304763,3,48.265235849,2,193.29417231,3,85.103128642,2,"'1 Adequate'","'-5'","'1960-1979'","'1 Single Family'","'2 2BR'","'1 Owner'","'4 200%+ Poverty'","'4 200%+ Poverty'","'4 200%+ Poverty'","'3 150-200% Poverty'","'4 200%+ Poverty'","'2 50.1 - 100% FMR'","'3 GT FMR'","'3 GT FMR'","'2 50.1 - 100% FMR'","'3 GT FMR'","'3 50 - 60% AMI'","'4 60 - 80% AMI'","'5 80 - 100% AMI'","'2 30 - 50% AMI'","'4 60 - 80% AMI'","'.'","'1 Less than 30%'","'-5'","'-5'"
"5107","'189168510143'",93,"'1'","'3'",63200,910,13450,22400,35850,11067,2,1940,"'1'",1,250000,-6,"'1'",1,5,2526.2994654,1,18212,"'1'",264,1,"'1'",64,100,1825.4886816,2790.8783431,2127.4702912,1616.5419471,0,-9,63200,13450,22400,35850,44240,17292.857143,28800,46092.857143,56880,0.1739512409,41.16636528,2,164.56130839,3,50.032967033,2,128.37473148,7,659.79531277,4,200.60315182,3,149.61113159,7,768.9420046,4,233.78794409,3,196.26429979,7,1008.7208252,4,306.68992781,3,113.68086829,6,584.2746714,4,177.64197221,3,"'1 Adequate'","'Central City'","'1940-1959'","'1 Single Family'","'2 2BR'","'1 Owner'","'4 200%+ Poverty'","'4 200%+ Poverty'","'4 200%+ Poverty'","'4 200%+ Poverty'","'3 150-200% Poverty'","'3 GT FMR'","'3 GT FMR'","'3 GT FMR'","'3 GT FMR'","'2 50.1 - 100% FMR'","'7 120% AMI +'","'7 120% AMI +'","'7 120% AMI +'","'6 100 - 120% AMI'","'2 30 - 50% AMI'","'.'","'1 Less than 30%'","'-5'","'-5'"
"40015","'589493320147'",56,"'2'","'4'",84100,2525,27450,45750,73200,23863,4,1950,"'1'",1,750000,-6,"'1'",1,8,2463.1187983,4,159848,"'1'",2051,1,"'1'",133,70.833333333,5188.2993781,8084.4683626,6094.244207,4561.4591747,159900,-9,84100,27450,45750,73200,84100,31842,53070,84912,97556,0.1539712727,190.06896552,7,669.85710095,4,158.26534653,3,212.73112379,7,869.68099202,4,205.47720309,3,249.8767562,7,1021.538651,4,241.35620622,3,331.48010835,7,1355.1470247,4,320.17696485,3,187.02936466,7,764.60783215,4,180.6518485,3,"'1 Adequate'","'-5'","'1940-1959'","'1 Single Family'","'4 4BR+'","'1 Owner'","'4 200%+ Poverty'","'4 200%+ Poverty'","'4 200%+ Poverty'","'4 200%+ Poverty'","'4 200%+ Poverty'","'3 GT FMR'","'3 GT FMR'","'3 GT FMR'","'3 GT FMR'","'3 GT FMR'","'7 120% AMI +'","'7 120% AMI +'","'7 120% AMI +'","'7 120% AMI +'","'7 120% AMI +'","'.'","'1 Less than 30%'","'West'","'-5'"
"34739","'500264580243'",50,"'5'","'4'",59156,1262,18221,30383,48592,24218,4,1990,"'1'",1,550000,-6,"'1'",1,10,3888.6003961,4,94948,"'1'",3956,1,"'1'",189,250,4094.2750995,6218.1323548,4758.6346407,3634.5922836,95000,-9,59156,18221,30383,48592,59156,21136.36,35244.28,56366.72,68620.96,0.4999789358,160.50442897,7,392.05549591,4,188.09033281,3,238.66032183,7,676.23669989,4,324.42750392,3,277.38665508,7,785.96657704,4,377.07089071,3,362.46256857,7,1027.0265678,4,492.72047185,3,211.86484617,7,600.31254169,4,288.00255813,3,"'1 Adequate'","'-5'","'1990-1999'","'1 Single Family'","'4 4BR+'","'1 Owner'","'4 200%+ Poverty'","'4 200%+ Poverty'","'4 200%+ Poverty'","'4 200%+ Poverty'","'4 200%+ Poverty'","'3 GT FMR'","'3 GT FMR'","'3 GT FMR'","'3 GT FMR'","'3 GT FMR'","'7 120% AMI +'","'7 120% AMI +'","'7 120% AMI +'","'7 120% AMI +'","'7 120% AMI +'","'.'","'2 30% to 50%'","'West'","'-5'"
"35029","'500542590145'",45,"'1'","'4'",86700,1499,18350,30600,48950,12005,2,1990,"'1'",1,300000,-6,"'1'",1,5,4280.1803417,1,49987,"'1'",2159,1,"'1'",142.41666667,425,2561.2030846,3719.6706784,2923.5810161,2310.4670032,50000,-9,86700,18350,30600,48950,60690,23592.857143,39342.857143,62935.714286,78030,0.5182947566,82.364475202,5,416.38483965,4,83.36724483,2,131.29325052,7,853.37878703,4,170.86077949,3,149.86958945,7,974.12112158,4,195.03542469,3,190.6790044,7,1239.3738204,4,248.14347421,3,118.43993352,6,769.83490319,4,154.13388947,3,"'1 Adequate'","'Central City'","'1990-1999'","'1 Single Family'","'2 2BR'","'1 Owner'","'4 200%+ Poverty'","'4 200%+ Poverty'","'4 200%+ Poverty'","'4 200%+ Poverty'","'4 200%+ Poverty'","'3 GT FMR'","'3 GT FMR'","'3 GT FMR'","'3 GT FMR'","'2 50.1 - 100% FMR'","'7 120% AMI +'","'7 120% AMI +'","'7 120% AMI +'","'6 100 - 120% AMI'","'5 80 - 100% AMI'","'.'","'3 50% or More'","'West'","'-5'"
"57354","'999900011074'",29,"'1'","'3'",55926,1025,15090,25134,40205,18574,3,2010,"'1'",1,-6,-6,"'2'",6,5,3171.4161928,3,21500,"'1'",775,3,"'2'",116,14,775,775,775,775,16000,0,55926,15090,25134,40205,50333.4,17437.333333,29043.733333,46459.111111,58163.04,0.4325581395,42.715175212,2,115.7532034,2,52.43902439,2,53.298452075,3,166.8999677,3,75.609756098,2,53.298452075,3,166.8999677,3,75.609756098,2,53.298452075,3,166.8999677,3,75.609756098,2,53.298452075,3,166.8999677,3,75.609756098,2,"'1 Adequate'","'Central City'","'After 2010'","'3 5-19 units'","'3 3BR'","'2 Renter'","'3 150-200% Poverty'","'3 150-200% Poverty'","'3 150-200% Poverty'","'3 150-200% Poverty'","'2 100-150% Poverty'","'2 50.1 - 100% FMR'","'2 50.1 - 100% FMR'","'2 50.1 - 100% FMR'","'2 50.1 - 100% FMR'","'2 50.1 - 100% FMR'","'3 50 - 60% AMI'","'3 50 - 60% AMI'","'3 50 - 60% AMI'","'3 50 - 60% AMI'","'2 30 - 50% AMI'","'0 Not Assisted'","'2 30% to 50%'","'-5'","'-5'"
"51706","'730199080240'",61,"'4'","'2'",52006,634,11391,18965,30336,12005,2,1995,"'1'",1,80000,-6,"'1'",1,5,1690.9347935,1,48056,"'1'",218,1,"'1'",91,80.75,703.42637811,1012.3510698,800.06049319,636.56342307,46000,-9,52006,11391,18965,30336,36404.2,14645.571429,24383.571429,39003.428571,46805.4,0.0544364908,132.00674647,7,400.29987505,4,189.49526814,3,60.114976316,3,234.37780195,4,110.95053282,3,68.373349502,4,266.57575783,4,126.19250681,3,86.515749874,5,337.30981084,4,159.67682489,3,54.400853156,3,212.09943293,4,100.40432541,3,"'1 Adequate'","'-5'","'1990-1999'","'1 Single Family'","'2 2BR'","'1 Owner'","'4 200%+ Poverty'","'4 200%+ Poverty'","'4 200%+ Poverty'","'4 200%+ Poverty'","'4 200%+ Poverty'","'3 GT FMR'","'3 GT FMR'","'3 GT FMR'","'3 GT FMR'","'3 GT FMR'","'3 50 - 60% AMI'","'4 60 - 80% AMI'","'5 80 - 100% AMI'","'3 50 - 60% AMI'","'7 120% AMI +'","'.'","'1 Less than 30%'","'-5'","'-5'"
"5917","'189954200149'",-9,"'1'","'1'",63000,1243,18050,30100,48100,-6,1,1919,"'3'",1,-6,1,"'-6'",2,3,990.91695992,-6,-6,"'-6'",-6,2,"'2'",65,0,1265,1265,1265,1265,-9,-9,63000,18050,30100,48100,-9,19339.285714,32250,51535.714286,47250,-9,-9,-9,-9,-9,-9,-9,107.08994709,4,-9,-9,101.7699115,3,107.08994709,4,-9,-9,101.7699115,3,107.08994709,4,-9,-9,101.7699115,3,107.08994709,4,-9,-9,101.7699115,3,"'-5'","'Central City'","'-5'","'2 2-4 units'","'1 1BR'","'2 Renter'","'.'","'.'","'.'","'.'","'.'","'3 GT FMR'","'3 GT FMR'","'3 GT FMR'","'3 GT FMR'","'.'","'4 60 - 80% AMI'","'4 60 - 80% AMI'","'4 60 - 80% AMI'","'4 60 - 80% AMI'","'.'","'.'","'.'","'-5'","'-5'"
"50419","'699450810845'",52,"'5'","'1'",62611,706,15361,25589,40871,15517,1,1919,"'1'",1,-6,-6,"'2'",4,2,1927.5660776,2,3378,"'1'",624,2,"'2'",0,24.416666667,624,624,624,624,1500,0,62611,15361,25589,40871,50088.8,14400.9375,23989.6875,38316.5625,46958.25,2.21669627,6.7440226158,1,21.769671973,1,11.961756374,1,53.153599208,3,160.85583554,3,88.385269122,2,53.153599208,3,160.85583554,3,88.385269122,2,53.153599208,3,160.85583554,3,88.385269122,2,53.153599208,3,160.85583554,3,88.385269122,2,"'1 Adequate'","'-5'","'-5'","'2 2-4 units'","'1 1BR'","'2 Renter'","'3 150-200% Poverty'","'3 150-200% Poverty'","'3 150-200% Poverty'","'3 150-200% Poverty'","'1 LTE Poverty'","'2 50.1 - 100% FMR'","'2 50.1 - 100% FMR'","'2 50.1 - 100% FMR'","'2 50.1 - 100% FMR'","'1 LTE 50% FMR'","'3 50 - 60% AMI'","'3 50 - 60% AMI'","'3 50 - 60% AMI'","'3 50 - 60% AMI'","'1 LTE 30% AMI'","'0 Not Assisted'","'3 50% or More'","'-5'","'-5'"
"58464","'999900012501'",-9,"'1'","'3'",59516,579,12515,20859,33372,-6,1,1970,"'3'",1,-6,1,"'-6'",4,3,112.21442105,-6,-6,"'-6'",-6,2,"'2'",0,0,444,444,444,444,-9,-9,59516,12515,20859,33372,-9,13408.928571,22348.928571,35755.714286,44637,-9,-9,-9,-9,-9,-9,-9,39.787620136,2,-9,-9,76.683937824,2,39.787620136,2,-9,-9,76.683937824,2,39.787620136,2,-9,-9,76.683937824,2,39.787620136,2,-9,-9,76.683937824,2,"'-5'","'Central City'","'1960-1979'","'2 2-4 units'","'1 1BR'","'2 Renter'","'.'","'.'","'.'","'.'","'.'","'2 50.1 - 100% FMR'","'2 50.1 - 100% FMR'","'2 50.1 - 100% FMR'","'2 50.1 - 100% FMR'","'.'","'2 30 - 50% AMI'","'2 30 - 50% AMI'","'2 30 - 50% AMI'","'2 30 - 50% AMI'","'.'","'.'","'.'","'-5'","'-5'"
"12650","'286853930146'",57,"'2'","'4'",70724,1007,18866,31413,49608,15923,1,1919,"'1'",1,-6,-6,"'2'",1,3,2998.4742984,2,6947,"'1'",550,1,"'2'",0,0,550,550,550,550,0,0,70724,18866,31413,49608,56579.2,17686.875,29449.6875,46507.5,53043,0.9500503815,12.27836378,1,43.628713182,1,17.246772592,1,41.475783798,2,138.16491867,2,54.617676266,2,41.475783798,2,138.16491867,2,54.617676266,2,41.475783798,2,138.16491867,2,54.617676266,2,41.475783798,2,138.16491867,2,54.617676266,2,"'1 Adequate'","'-5'","'-5'","'1 Single Family'","'1 1BR'","'2 Renter'","'2 100-150% Poverty'","'2 100-150% Poverty'","'2 100-150% Poverty'","'2 100-150% Poverty'","'1 LTE Poverty'","'2 50.1 - 100% FMR'","'2 50.1 - 100% FMR'","'2 50.1 - 100% FMR'","'2 50.1 - 100% FMR'","'1 LTE 50% FMR'","'2 30 - 50% AMI'","'2 30 - 50% AMI'","'2 30 - 50% AMI'","'2 30 - 50% AMI'","'1 LTE 30% AMI'","'0 Not Assisted'","'3 50% or More'","'West'","'-5'"
"29021","'480818180145'",33,"'1'","'4'",84100,2268,29650,49450,79100,28824,3,1950,"'1'",1,-6,-6,"'2'",1,5,2687.7520059,5,52917,"'1'",958,1,"'2'",374.58333333,0,958,958,958,958,45756,0,84100,29650,49450,79100,90828,28551.851852,47618.518519,76170.37037,87464,0.2172458756,58.260668516,3,183.5865945,3,58.330026455,2,43.812311351,2,132.94476825,2,42.239858907,1,43.812311351,2,132.94476825,2,42.239858907,1,43.812311351,2,132.94476825,2,42.239858907,1,43.812311351,2,132.94476825,2,42.239858907,1,"'1 Adequate'","'Central City'","'1940-1959'","'1 Single Family'","'3 3BR'","'2 Renter'","'2 100-150% Poverty'","'2 100-150% Poverty'","'2 100-150% Poverty'","'2 100-150% Poverty'","'3 150-200% Poverty'","'1 LTE 50% FMR'","'1 LTE 50% FMR'","'1 LTE 50% FMR'","'1 LTE 50% FMR'","'2 50.1 - 100% FMR'","'2 30 - 50% AMI'","'2 30 - 50% AMI'","'2 30 - 50% AMI'","'2 30 - 50% AMI'","'3 50 - 60% AMI'","'0 Not Assisted'","'1 Less than 30%'","'West'","'-5'"
"22675","'389295530146'",93,"'2'","'4'",63100,1568,13600,22650,36250,11067,3,1975,"'1'",1,100000,-6,"'1'",1,5,2390.0642813,1,38328,"'1'",281,1,"'1'",148.08333333,25,837.67880597,1223.8346706,958.47144982,754.10011218,0,-9,63100,13600,22650,36250,44170,20205.714286,33651.428571,53857.142857,65624,0.0879774577,86.77382839,5,346.32691786,4,61.109693878,2,51.059295744,2,302.76635257,4,53.423393238,2,58.422007182,3,346.4250293,4,61.127005729,2,74.596773776,4,442.33655754,4,78.050680521,2,45.964897731,2,272.55809602,4,48.093119399,1,"'1 Adequate'","'-5'","'1960-1979'","'1 Single Family'","'3 3BR'","'1 Owner'","'4 200%+ Poverty'","'4 200%+ Poverty'","'4 200%+ Poverty'","'4 200%+ Poverty'","'4 200%+ Poverty'","'2 50.1 - 100% FMR'","'2 50.1 - 100% FMR'","'2 50.1 - 100% FMR'","'1 LTE 50% FMR'","'2 50.1 - 100% FMR'","'2 30 - 50% AMI'","'3 50 - 60% AMI'","'4 60 - 80% AMI'","'2 30 - 50% AMI'","'5 80 - 100% AMI'","'.'","'1 Less than 30%'","'West'","'-5'"
"34929","'500431530103'",61,"'5'","'1'",61917,1257,15572,25979,41205,15452,4,2006,"'1'",1,250000,-6,"'1'",1,6,2491.949028,2,104800,"'1'",2277,1,"'1'",564,167.5,2392.9886816,3358.3783431,2694.9702912,2184.0419471,0,-9,61917,15572,25979,41205,49533.6,22579.4,37669.55,59747.25,71823.72,0.2607251908,211.57355815,7,678.22935542,4,208.43277645,3,133.27010529,7,619.46380575,4,190.3730057,3,150.08803728,7,697.63662729,4,214.3970001,3,187.03449741,7,869.3705263,4,267.17409253,3,121.63346299,7,565.37456565,4,173.75035379,3,"'1 Adequate'","'-5'","'2000-2009'","'1 Single Family'","'4 4BR+'","'1 Owner'","'4 200%+ Poverty'","'4 200%+ Poverty'","'4 200%+ Poverty'","'4 200%+ Poverty'","'4 200%+ Poverty'","'3 GT FMR'","'3 GT FMR'","'3 GT FMR'","'3 GT FMR'","'3 GT FMR'","'7 120% AMI +'","'7 120% AMI +'","'7 120% AMI +'","'7 120% AMI +'","'7 120% AMI +'","'.'","'1 Less than 30%'","'-5'","'-5'"
"56971","'999900010627'",26,"'1'","'3'",65600,924,13850,23050,36900,12005,2,1980,"'1'",1,50000,-6,"'1'",2,5,2836.3664881,1,314235,"'1'",1282,2,"'1'",156.5,125,613.79773632,806.87566862,674.19405825,572.00838942,0,-9,65600,13850,23050,36900,45920,17807.142857,29635.714286,47442.857143,59040,0.0489569908,684.30966899,7,2617.5343607,4,850.20292208,3,41.585212488,2,204.51403126,4,66.428326441,2,45.677104217,2,224.63775368,4,72.964724918,2,54.666373212,3,268.84653682,4,87.32420656,2,38.753955923,2,190.59005062,3,61.905669851,2,"'1 Adequate'","'Central City'","'1980-1989'","'2 2-4 units'","'2 2BR'","'1 Owner'","'4 200%+ Poverty'","'4 200%+ Poverty'","'4 200%+ Poverty'","'3 150-200% Poverty'","'4 200%+ Poverty'","'2 50.1 - 100% FMR'","'2 50.1 - 100% FMR'","'2 50.1 - 100% FMR'","'2 50.1 - 100% FMR'","'3 GT FMR'","'2 30 - 50% AMI'","'2 30 - 50% AMI'","'3 50 - 60% AMI'","'2 30 - 50% AMI'","'7 120% AMI +'","'.'","'1 Less than 30%'","'-5'","'-5'"
"30151","'487246990149'",25,"'1'","'1'",76291,994,18708,31181,47213,15492,2,1975,"'1'",1,-6,-6,"'2'",8,4,3243.6324739,2,27889,"'1'",830,3,"'2'",79,0,830,830,830,830,27915,0,76291,18708,31181,47213,61032.8,21046.5,35078.625,53114.625,68661.9,0.3571300513,45.69510165,2,180.02194681,3,70.143360161,2,48.352871097,2,214.30415698,4,83.501006036,2,48.352871097,2,214.30415698,4,83.501006036,2,48.352871097,2,214.30415698,4,83.501006036,2,48.352871097,2,214.30415698,4,83.501006036,2,"'1 Adequate'","'Central City'","'1960-1979'","'3 5-19 units'","'2 2BR'","'2 Renter'","'4 200%+ Poverty'","'4 200%+ Poverty'","'4 200%+ Poverty'","'4 200%+ Poverty'","'3 150-200% Poverty'","'2 50.1 - 100% FMR'","'2 50.1 - 100% FMR'","'2 50.1 - 100% FMR'","'2 50.1 - 100% FMR'","'2 50.1 - 100% FMR'","'2 30 - 50% AMI'","'2 30 - 50% AMI'","'2 30 - 50% AMI'","'2 30 - 50% AMI'","'2 30 - 50% AMI'","'0 Not Assisted'","'2 30% to 50%'","'-5'","'-5'"
"52375","'730472070142'",84,"'2'","'4'",70724,2101,16505,27499,43405,11080,4,1995,"'1'",1,620000,-6,"'1'",1,8,1431.609166,1,25800,"'1'",1015,1,"'1'",168.66666667,221.66666667,4510.8252637,6904.9916242,5259.7396556,3992.6373622,0,-9,70724,16505,27499,43405,49506.8,27351.142857,45569.771429,71928.285714,82039.84,0.4720930233,52.114053019,2,232.85198556,4,30.699666825,1,219.93340132,7,1628.4567739,4,214.69896543,3,256.44806989,7,1898.8229804,4,250.34458142,3,336.66528965,7,2492.7767596,4,328.65262371,3,194.66821789,7,1441.3853293,4,190.03509577,3,"'1 Adequate'","'-5'","'1990-1999'","'1 Single Family'","'4 4BR+'","'1 Owner'","'4 200%+ Poverty'","'4 200%+ Poverty'","'4 200%+ Poverty'","'4 200%+ Poverty'","'4 200%+ Poverty'","'3 GT FMR'","'3 GT FMR'","'3 GT FMR'","'3 GT FMR'","'1 LTE 50% FMR'","'7 120% AMI +'","'7 120% AMI +'","'7 120% AMI +'","'7 120% AMI +'","'2 30 - 50% AMI'","'.'","'2 30% to 50%'","'West'","'-5'"
"19453","'364502330133'",27,"'2'","'2'",64810,1094,17515,29192,46660,18595,3,1960,"'1'",1,120000,-6,"'1'",1,6,505.86430116,3,151276,"'1'",846,1,"'1'",271,29.75,1098.2645672,1561.6516047,1243.2157398,997.97013461,136000,-9,64810,17515,29192,46660,58329,20239.555556,33732.977778,53918.222222,67402.4,0.067109125,259.34955168,7,813.53051896,4,345.69469835,3,65.176585235,4,236.24943634,4,100.38981418,3,73.778722407,4,267.43011343,4,113.63946433,3,92.676320409,5,335.92935836,4,142.74694741,3,59.224605332,3,214.67494157,4,91.222132963,2,"'1 Adequate'","'-5'","'1960-1979'","'1 Single Family'","'3 3BR'","'1 Owner'","'4 200%+ Poverty'","'4 200%+ Poverty'","'4 200%+ Poverty'","'4 200%+ Poverty'","'4 200%+ Poverty'","'3 GT FMR'","'3 GT FMR'","'3 GT FMR'","'2 50.1 - 100% FMR'","'3 GT FMR'","'4 60 - 80% AMI'","'4 60 - 80% AMI'","'5 80 - 100% AMI'","'3 50 - 60% AMI'","'7 120% AMI +'","'.'","'1 Less than 30%'","'-5'","'-5'"
"36944","'575583190140'",28,"'1'","'1'",79200,1394,29450,49150,78600,36991,3,1930,"'1'",1,-6,-6,"'2'",1,6,922.18445901,7,11574,"'1'",990,1,"'2'",339.66666667,0,990,990,990,990,0,0,79200,29450,49150,78600,98208,24700,41222.580645,65922.580645,82368,1.0264385692,11.785190616,1,31.288691844,1,20.756814921,1,48.076923077,2,107.05306696,2,71.018651363,2,48.076923077,2,107.05306696,2,71.018651363,2,48.076923077,2,107.05306696,2,71.018651363,2,48.076923077,2,107.05306696,2,71.018651363,2,"'1 Adequate'","'Central City'","'-5'","'1 Single Family'","'3 3BR'","'2 Renter'","'2 100-150% Poverty'","'2 100-150% Poverty'","'2 100-150% Poverty'","'2 100-150% Poverty'","'1 LTE Poverty'","'2 50.1 - 100% FMR'","'2 50.1 - 100% FMR'","'2 50.1 - 100% FMR'","'2 50.1 - 100% FMR'","'1 LTE 50% FMR'","'2 30 - 50% AMI'","'2 30 - 50% AMI'","'2 30 - 50% AMI'","'2 30 - 50% AMI'","'1 LTE 30% AMI'","'0 Not Assisted'","'3 50% or More'","'-5'","'-5'"
"49695","'699073840145'",40,"'4'","'3'",59547,1004,18314,30523,48544,23500,3,1960,"'1'",1,100000,-6,"'1'",1,5,2554.0141997,4,174961,"'1'",1003,1,"'1'",261,100,1025.5954726,1411.7513372,1146.3881165,942.01677884,175000,-9,59547,18314,30523,48544,59547,19046.56,31743.92,50485.76,61928.88,0.0687924738,293.82000772,7,744.51489362,4,435.65986056,3,66.243437481,4,174.56944215,3,102.15094349,3,74.045460954,4,195.12989217,3,114.18208332,3,91.185329832,5,240.29809995,4,140.61268299,3,60.845071239,3,160.34328151,3,93.826372395,2,"'1 Adequate'","'-5'","'1960-1979'","'1 Single Family'","'3 3BR'","'1 Owner'","'3 150-200% Poverty'","'3 150-200% Poverty'","'4 200%+ Poverty'","'3 150-200% Poverty'","'4 200%+ Poverty'","'3 GT FMR'","'3 GT FMR'","'3 GT FMR'","'2 50.1 - 100% FMR'","'3 GT FMR'","'4 60 - 80% AMI'","'4 60 - 80% AMI'","'5 80 - 100% AMI'","'3 50 - 60% AMI'","'7 120% AMI +'","'.'","'1 Less than 30%'","'-5'","'-5'"
"23029","'389631570142'",65,"'2'","'2'",52100,928,18000,30000,48000,28383,3,1950,"'1'",1,70000,-6,"'1'",1,6,2181.6562615,5,38785,"'1'",604,1,"'1'",170.5,17.25,652.96683085,923.27593606,737.52168154,594.46174519,0,-9,52100,18000,30000,48000,56268,17333.333333,28888.888889,46222.222222,54184,0.1868763697,68.929053814,4,136.64869816,2,104.48545259,3,48.203663875,2,92.022243011,1,70.362805048,2,54.445716931,3,103.93850989,2,79.474319132,2,68.158566076,4,130.11675102,2,99.490941386,2,43.884670396,2,83.777154662,1,64.058377714,2,"'1 Adequate'","'-5'","'1940-1959'","'1 Single Family'","'3 3BR'","'1 Owner'","'1 LTE Poverty'","'2 100-150% Poverty'","'2 100-150% Poverty'","'1 LTE Poverty'","'2 100-150% Poverty'","'2 50.1 - 100% FMR'","'2 50.1 - 100% FMR'","'2 50.1 - 100% FMR'","'2 50.1 - 100% FMR'","'3 GT FMR'","'2 30 - 50% AMI'","'3 50 - 60% AMI'","'4 60 - 80% AMI'","'2 30 - 50% AMI'","'4 60 - 80% AMI'","'.'","'1 Less than 30%'","'-5'","'-5'"
"35847","'504711930141'",36,"'1'","'4'",61900,1421,24850,41400,66250,23401,2,1985,"'1'",1,-6,-6,"'2'",4,4,2082.1576995,4,43974,"'1'",169,2,"'2'",168,0,169,169,169,169,44000,0,61900,24850,41400,66250,61900,22365,37260,59625,55710,0.0461181607,71.040387722,3,187.91504637,3,77.36453202,2,12.134266738,1,28.887654374,1,11.893033075,1,12.134266738,1,28.887654374,1,11.893033075,1,12.134266738,1,28.887654374,1,11.893033075,1,12.134266738,1,28.887654374,1,11.893033075,1,"'1 Adequate'","'Central City'","'1980-1989'","'2 2-4 units'","'2 2BR'","'2 Renter'","'1 LTE Poverty'","'1 LTE Poverty'","'1 LTE Poverty'","'1 LTE Poverty'","'3 150-200% Poverty'","'1 LTE 50% FMR'","'1 LTE 50% FMR'","'1 LTE 50% FMR'","'1 LTE 50% FMR'","'2 50.1 - 100% FMR'","'1 LTE 30% AMI'","'1 LTE 30% AMI'","'1 LTE 30% AMI'","'1 LTE 30% AMI'","'3 50 - 60% AMI'","'0 Not Assisted'","'1 Less than 30%'","'West'","'-5'"
"8570","'199919980141'",87,"'5'","'4'",50296,1125,13115,21859,34939,13964,3,1980,"'1'",2,130000,-6,"'1'",1,6,2426.7704379,2,15987,"'1'",298,6,"'1'",149.33333333,82.5,1095.8074478,1597.8100717,1252.8378848,987.15514583,0,-9,50296,13115,21859,34939,40236.8,17049.5,28416.7,45420.7,52307.84,0.2236817414,39.732284874,2,114.48725294,2,35.526666667,1,83.79680352,4,313.89500079,4,97.405106468,2,95.804979504,5,358.87650667,4,111.36336754,3,122.18513108,7,457.69409102,4,142.02756193,3,75.488121538,4,282.77145398,4,87.747124074,2,"'1 Adequate'","'-5'","'1980-1989'","'6 Mobile Home'","'3 3BR'","'1 Owner'","'4 200%+ Poverty'","'4 200%+ Poverty'","'4 200%+ Poverty'","'4 200%+ Poverty'","'2 100-150% Poverty'","'2 50.1 - 100% FMR'","'3 GT FMR'","'3 GT FMR'","'2 50.1 - 100% FMR'","'1 LTE 50% FMR'","'4 60 - 80% AMI'","'5 80 - 100% AMI'","'7 120% AMI +'","'4 60 - 80% AMI'","'2 30 - 50% AMI'","'.'","'1 Less than 30%'","'West'","'-5'"
